Date,Actual Price,Predicted Price
2024-03-17 20:00:00,194.53231231570243,194.16283519268035
2024-03-18 00:00:00,199.39963055968286,203.56625271320345
2024-03-18 04:00:00,206.24378622174262,198.2188666176796
2024-03-18 08:00:00,203.98000903129576,200.95952305555343
2024-03-18 12:00:00,208.53405678749087,206.0316718196869
2024-03-18 16:00:00,196.45280518949033,203.32100564420224
2024-03-18 20:00:00,196.7681740909815,196.74639689624308
2024-03-19 00:00:00,195.15455904483795,198.25844448089597
2024-03-19 04:00:00,186.93037017464638,185.95099650621415
2024-03-19 08:00:00,186.8202227139473,181.647656532526
2024-03-19 12:00:00,179.89052381515503,180.3496773147583
2024-03-19 16:00:00,183.20650531768797,182.53673973798752
2024-03-19 20:00:00,180.7941446328163,181.4103797006607
2024-03-20 00:00:00,167.12673219084738,170.32515156507492
2024-03-20 04:00:00,170.2837426662445,167.0866878080368
2024-03-20 08:00:00,173.840384016037,171.09335002422335
2024-03-20 12:00:00,172.70741394996642,170.05527093052865
2024-03-20 16:00:00,169.15476954042913,168.53078841209413
2024-03-20 20:00:00,181.8931049346924,184.1044250178337
2024-03-21 00:00:00,191.57572921514512,184.95998371720316
2024-03-21 04:00:00,193.30867601871492,187.26169017791747
2024-03-21 08:00:00,186.2914187818766,188.4638797134161
2024-03-21 12:00:00,189.1368765461445,189.01216305434704
2024-03-21 16:00:00,181.19587949514388,185.98865449428558
2024-03-21 20:00:00,178.8096656179428,174.33943882346153
2024-03-22 00:00:00,179.47711463928223,186.52592858076096
2024-03-22 04:00:00,181.81484377622604,177.50926238775253
2024-03-22 08:00:00,171.33162614107133,182.58625949382784
2024-03-22 12:00:00,172.92189883589745,169.28836488425733
2024-03-22 16:00:00,170.41735598802566,169.07063478469848
2024-03-22 20:00:00,174.2455910384655,172.37964405715465
2024-03-23 00:00:00,175.30706030726432,177.24674172639848
2024-03-23 04:00:00,170.96474161148072,175.9355456829071
2024-03-23 08:00:00,173.9681036353111,173.2471057498455
2024-03-23 12:00:00,177.58078529834748,175.58036400973796
2024-03-23 16:00:00,172.31337604522705,173.210744972229
2024-03-23 20:00:00,171.29418249726294,170.09801627635954
2024-03-24 00:00:00,172.56831209063532,174.7653443276882
2024-03-24 04:00:00,172.92086881399155,171.02392396330833
2024-03-24 08:00:00,169.61495576977728,171.93388868689536
2024-03-24 12:00:00,174.3829124093056,175.38619992256164
2024-03-24 16:00:00,177.36652012467385,176.3611162209511
2024-03-24 20:00:00,172.96437714219093,174.3893264758587
2024-03-25 00:00:00,188.34887202262877,181.4147223186493
2024-03-25 04:00:00,184.9014509665966,184.3539238291979
2024-03-25 08:00:00,184.6958105278015,187.33388523101806
2024-03-25 12:00:00,183.84231774806977,191.435076649189
2024-03-25 16:00:00,191.71760363817216,192.3443345296383
2024-03-25 20:00:00,191.49726671218872,193.50560285568238
2024-03-26 00:00:00,185.84038369953635,188.32929261744025
2024-03-26 04:00:00,192.4512583208084,194.25397843837737
2024-03-26 08:00:00,194.23082802057266,191.88935712456703
2024-03-26 12:00:00,196.13484525680542,192.44877557754518
2024-03-26 16:00:00,191.0088246703148,187.772042709589
2024-03-26 20:00:00,188.89734162569044,189.33611441373824
2024-03-27 00:00:00,190.1075678265095,187.5149748146534
2024-03-27 04:00:00,188.86575881302358,192.71768087983133
2024-03-27 08:00:00,180.47783292174338,187.2020750117302
2024-03-27 12:00:00,187.57657436311246,187.09149540185928
2024-03-27 16:00:00,185.4404994928837,181.49592115044595
2024-03-27 20:00:00,183.19550876617433,184.9974592924118
2024-03-28 00:00:00,185.57082914114,189.5848967456818
2024-03-28 04:00:00,181.29909810602663,180.2019443541765
2024-03-28 08:00:00,189.33563454151155,185.79984724998477
2024-03-28 12:00:00,187.0506539940834,185.55422666192052
2024-03-28 16:00:00,190.7270761680603,182.87522196769714
2024-03-28 20:00:00,185.84312888145448,184.81023578166963
2024-03-29 00:00:00,194.57718034386633,187.29359226107596
2024-03-29 04:00:00,188.8173942732811,192.83259825468065
2024-03-29 08:00:00,183.04489144921303,177.9909230339527
2024-03-29 12:00:00,183.5564058125019,182.9875919032097
2024-03-29 16:00:00,187.48936044335366,180.47803648471833
2024-03-29 20:00:00,187.64348363995552,184.02080115437508
2024-03-30 00:00:00,189.6549006909132,191.8033089375496
2024-03-30 04:00:00,197.7361793625355,191.01863867461682
2024-03-30 08:00:00,195.31456626415252,194.36314080715178
2024-03-30 12:00:00,198.17824104309082,196.67444984436034
2024-03-30 16:00:00,197.44285107135772,194.51945821344853
2024-03-30 20:00:00,196.65357998013496,192.70638425052164
2024-03-31 00:00:00,196.8279226541519,195.8212950468063
2024-03-31 04:00:00,193.54074763834475,194.6483033442497
2024-03-31 08:00:00,196.41089247107507,196.40275419831278
2024-03-31 12:00:00,191.0413954228163,198.2480730855465
2024-03-31 16:00:00,194.20997418880464,191.44506183743476
2024-03-31 20:00:00,202.3469924390316,200.63422520041465
2024-04-01 00:00:00,203.08074001669883,199.607084479928
2024-04-01 04:00:00,212.33448116779329,203.9260644030571
2024-04-01 08:00:00,198.60775991916657,196.01552850961687
2024-04-01 12:00:00,194.04087010145187,192.15187362074852
2024-04-01 16:00:00,187.56272780418396,182.39371650218965
2024-04-01 20:00:00,193.54663928031923,195.44647358179094
2024-04-02 00:00:00,191.5238616514206,186.3058451986313
2024-04-02 04:00:00,182.3226467370987,184.38810339570045
2024-04-02 08:00:00,182.01615412652492,184.4533853662014
2024-04-02 12:00:00,179.91299156069755,179.99316385269165
2024-04-02 16:00:00,177.37138973593713,176.69147048532963
2024-04-02 20:00:00,185.43953146576882,184.46988730549813
2024-04-03 00:00:00,181.9569584298134,183.26211386919022
2024-04-03 04:00:00,188.0595659971237,193.84421851992607
2024-04-03 08:00:00,190.20838058710098,190.79846974611283
2024-04-03 12:00:00,187.1243575066328,188.0469807088375
2024-04-03 16:00:00,189.26973591327666,185.8228188085556
2024-04-03 20:00:00,183.53414618372918,186.0380928039551
2024-04-04 00:00:00,184.0576122492552,180.49194087982178
2024-04-04 04:00:00,180.1733590078354,177.42214976787568
2024-04-04 08:00:00,184.50406078338625,183.15888740539552
2024-04-04 12:00:00,183.64888193249703,184.09426683545112
2024-04-04 16:00:00,186.59887193262577,184.24006641805173
2024-04-04 20:00:00,185.98871035575866,187.57305797338486
2024-04-05 00:00:00,184.6546573638916,185.26252841949463
2024-04-05 04:00:00,170.534969060421,178.87086016774177
2024-04-05 08:00:00,178.69312133789063,173.7286305999756
2024-04-05 12:00:00,169.92527532577515,169.72027482986448
2024-04-05 16:00:00,175.57146885216235,176.32705119609832
2024-04-05 20:00:00,175.85231018066406,175.92143635749818
2024-04-06 00:00:00,175.6078790664673,169.13895695507526
2024-04-06 04:00:00,176.77657554388048,178.3606277370453
2024-04-06 08:00:00,178.27507002711297,177.2546157360077
2024-04-06 12:00:00,175.3031770068407,176.1869354426861
2024-04-06 16:00:00,184.91270558357238,172.6483106279373
2024-04-06 20:00:00,178.3563323879242,175.40219837903976
2024-04-07 00:00:00,179.35142855644227,178.2083790564537
2024-04-07 04:00:00,181.55426129102707,181.31819288730622
2024-04-07 08:00:00,175.80868619680405,176.04961045086384
2024-04-07 12:00:00,181.16961949944496,180.19997896075247
2024-04-07 16:00:00,179.72593741893766,178.1318443393707
2024-04-07 20:00:00,178.40590295910837,176.8575655400753
2024-04-08 00:00:00,179.3040159416199,180.8640553665161
2024-04-08 04:00:00,173.89271207630634,175.31184953331947
2024-04-08 08:00:00,182.11868546605112,181.72555398344994
2024-04-08 12:00:00,181.30123375415803,184.9429814696312
2024-04-08 16:00:00,182.22117688179017,179.48129270434382
2024-04-08 20:00:00,180.27884506702424,172.55174769520758
2024-04-09 00:00:00,182.16864963054658,183.40075139522554
2024-04-09 04:00:00,176.43407210707664,177.85814821720123
2024-04-09 08:00:00,179.0731700205803,174.71190021514894
2024-04-09 12:00:00,175.71236046254634,176.3700647211075
2024-04-09 16:00:00,172.4483811324835,171.673165345788
2024-04-09 20:00:00,174.39032943606378,174.45681027173998
2024-04-10 00:00:00,170.24885348558425,173.84445841550826
2024-04-10 04:00:00,171.72623757719992,170.7134385895729
2024-04-10 08:00:00,172.67476926088332,171.84541454792023
2024-04-10 12:00:00,172.87399518489838,168.48808783948422
2024-04-10 16:00:00,166.83434416770933,165.58686586380003
2024-04-10 20:00:00,173.70863587021827,172.1357940375805
2024-04-11 00:00:00,173.55007108211518,170.41088343143463
2024-04-11 04:00:00,170.96306993722914,169.2256685566902
2024-04-11 08:00:00,174.42030844330787,175.593637444973
2024-04-11 12:00:00,174.35877991676332,167.32395745754243
2024-04-11 16:00:00,171.36243690907955,174.0650310206413
2024-04-11 20:00:00,174.85393404364586,172.97371661424637
2024-04-12 00:00:00,173.65232505559922,171.85323570132255
2024-04-12 04:00:00,170.71645596027375,177.92967010974886
2024-04-12 08:00:00,169.99846248328686,171.86097152531147
2024-04-12 12:00:00,177.17897862672805,173.69732026934622
2024-04-12 16:00:00,162.26414962768555,165.1029584503174
2024-04-12 20:00:00,149.11213868618012,150.26890881061553
2024-04-13 00:00:00,152.78434882879256,151.0908922791481
2024-04-13 04:00:00,149.37771512746812,147.37225468218327
2024-04-13 08:00:00,151.1047580623627,152.681405646801
2024-04-13 12:00:00,150.6874557262659,157.9420304739475
2024-04-13 16:00:00,153.33206524848939,146.29069330871107
2024-04-13 20:00:00,134.16908660292626,132.63174944043158
2024-04-14 00:00:00,137.52848710238933,138.32476394951343
2024-04-14 04:00:00,135.51111654639243,134.69109270751477
2024-04-14 08:00:00,143.16059185624124,143.68039300560952
2024-04-14 12:00:00,139.95578686237334,140.55086215496064
2024-04-14 16:00:00,141.19757437586784,137.3749296462536
2024-04-14 20:00:00,144.74009369373323,141.58318211317064
2024-04-15 00:00:00,151.41358986496925,144.78927314281464
2024-04-15 04:00:00,149.19710298657418,145.68660483062268
2024-04-15 08:00:00,152.94673830270767,155.7421351969242
2024-04-15 12:00:00,146.1044927060604,150.94184842705727
2024-04-15 16:00:00,143.80543261528015,142.4803810018301
2024-04-15 20:00:00,138.4169948720932,138.82580218553542
2024-04-16 00:00:00,138.5645876097679,138.29323468208312
2024-04-16 04:00:00,135.09423565864563,134.9963255882263
2024-04-16 08:00:00,138.32006657600402,137.76217565834523
2024-04-16 12:00:00,135.76247166752816,136.49831472396852
2024-04-16 16:00:00,126.62321977257729,123.38276932239533
2024-04-16 20:00:00,132.91202098369598,130.8321876323223
2024-04-17 00:00:00,136.7287743782997,135.5501865386963
2024-04-17 04:00:00,139.8188087952137,140.53963483095168
2024-04-17 08:00:00,139.76278980493547,137.82053277254104
2024-04-17 12:00:00,132.7017292267084,133.67885509490966
2024-04-17 16:00:00,129.5838235485554,130.21822825193405
2024-04-17 20:00:00,134.9427404141426,131.07769487023353
2024-04-18 00:00:00,130.46920227050782,128.95641334533693
2024-04-18 04:00:00,134.9948323905468,134.35195694804193
2024-04-18 08:00:00,127.36083616554738,128.09200557470322
2024-04-18 12:00:00,136.9653050994873,135.40342521071435
2024-04-18 16:00:00,139.17764278292657,139.89776027798655
2024-04-18 20:00:00,141.69972200155257,145.8144298315048
2024-04-19 00:00:00,163.02392472624777,142.03823641240595
2024-04-19 04:00:00,137.73634747505187,134.7223249876499
2024-04-19 08:00:00,143.31085094213486,139.55890859127044
2024-04-19 12:00:00,144.61878061771392,144.8613733291626
2024-04-19 16:00:00,145.28666948854922,147.26186030745507
2024-04-19 20:00:00,153.06542463421823,141.43780402183535
2024-04-20 00:00:00,143.09419959783554,142.93757647275925
2024-04-20 04:00:00,142.94334869384767,140.1056215286255
2024-04-20 08:00:00,141.3048227828741,144.0372258734703
2024-04-20 12:00:00,140.5685784906149,140.53601152598858
2024-04-20 16:00:00,152.3725794172287,146.29509772539137
2024-04-20 20:00:00,147.3562331199646,152.6828890800476
2024-04-21 00:00:00,149.6342339539528,153.35872099161148
2024-04-21 04:00:00,149.39592190504072,152.7788897037506
2024-04-21 08:00:00,152.4252161026001,154.79923867225648
2024-04-21 12:00:00,149.66359215259553,151.1221375977993
2024-04-21 16:00:00,150.02056609392164,147.40347264051437
2024-04-21 20:00:00,148.53609943389893,145.27648043632507
2024-04-22 00:00:00,148.3129849433899,147.37103462219238
2024-04-22 04:00:00,153.43372599482535,149.88975228667258
2024-04-22 08:00:00,155.0079187321663,155.34899707317354
2024-04-22 12:00:00,153.4070845413208,151.5208155632019
2024-04-22 16:00:00,153.20063438415525,153.8016947865486
2024-04-22 20:00:00,153.68314198851587,153.9414804518223
2024-04-23 00:00:00,153.43186562061308,158.1566761612892
2024-04-23 04:00:00,156.2051097202301,152.62298479676247
2024-04-23 08:00:00,156.21845841407776,155.23344247817994
2024-04-23 12:00:00,155.34473098754884,151.60128816604615
2024-04-23 16:00:00,158.90082899093628,159.4770031929016
2024-04-23 20:00:00,159.91406109333036,155.85852224111557
2024-04-24 00:00:00,153.97444286942482,155.3125238120556
2024-04-24 04:00:00,152.81098770618436,157.361788367033
2024-04-24 08:00:00,154.97677015304566,156.2499732208252
2024-04-24 12:00:00,162.0173307681084,158.76733311653138
2024-04-24 16:00:00,151.46091814696788,150.881282684803
2024-04-24 20:00:00,150.11979679942132,150.54798161745072
2024-04-25 00:00:00,147.92468635797502,148.20315430641173
2024-04-25 04:00:00,146.2623637533188,140.3951528698206
2024-04-25 08:00:00,146.4559338927269,145.3972890853882
2024-04-25 12:00:00,144.72675943374634,145.26221132278442
2024-04-25 16:00:00,147.04080232858658,148.22948707938195
2024-04-25 20:00:00,151.26362492084505,144.73048301100732
2024-04-26 00:00:00,145.17430958747863,142.58859016656876
2024-04-26 04:00:00,143.48384875059128,140.25123216211796
2024-04-26 08:00:00,145.32634322643278,144.51651141047478
2024-04-26 12:00:00,139.08697117567064,141.2670859515667
2024-04-26 16:00:00,142.51487599015235,143.747530567646
2024-04-26 20:00:00,142.88934826254845,147.8237486422062
2024-04-27 00:00:00,140.15765139698982,140.38379246234894
2024-04-27 04:00:00,132.69497356414797,132.6758250296116
2024-04-27 08:00:00,138.1889208316803,134.46916114985945
2024-04-27 12:00:00,136.50197905778884,137.25401769876478
2024-04-27 16:00:00,138.7236183977127,140.89754210472105
2024-04-27 20:00:00,137.41022545099258,143.98440589904786
2024-04-28 00:00:00,138.80478460252286,136.9181852054596
2024-04-28 04:00:00,143.65128857493403,142.9034542167187
2024-04-28 08:00:00,142.87123900651932,144.54874544143675
2024-04-28 12:00:00,142.47183566093443,139.99050295352936
2024-04-28 16:00:00,142.3496662402153,143.33541467189787
2024-04-28 20:00:00,141.56989634633064,143.89282729148866
2024-04-29 00:00:00,138.44899569630624,138.07764394760133
2024-04-29 04:00:00,134.71475978434086,135.74915618300437
2024-04-29 08:00:00,134.85768527507784,133.96953650951386
2024-04-29 12:00:00,134.325944750309,134.31473828554155
2024-04-29 16:00:00,136.58295551419258,138.7067441368103
2024-04-29 20:00:00,135.26841275215148,134.4272544825077
2024-04-30 00:00:00,138.31271336197855,134.05512744784357
2024-04-30 04:00:00,136.91046865820883,135.60486499905585
2024-04-30 08:00:00,135.44392601251602,135.10346261262893
2024-04-30 12:00:00,127.97768567562103,126.30252330899239
2024-04-30 16:00:00,128.68218732833864,125.62386842250824
2024-04-30 20:00:00,120.9600149345398,123.79112323760987
2024-05-01 00:00:00,126.4166474366188,124.41587279677391
2024-05-01 04:00:00,124.88908403217793,126.12258888483048
2024-05-01 08:00:00,118.93121532440185,123.00697815418243
2024-05-01 12:00:00,124.5866666507721,121.71310557961465
2024-05-01 16:00:00,122.22750546932221,120.7456948041916
2024-05-01 20:00:00,130.14936497807503,128.69667368292806
2024-05-02 00:00:00,135.13545790672302,134.49203192710874
2024-05-02 04:00:00,130.30172847986222,130.5285107564926
2024-05-02 08:00:00,131.2799993932247,129.47316541969775
2024-05-02 12:00:00,138.80607369184494,139.1613169527054
2024-05-02 16:00:00,138.95788402557375,137.4959531188011
2024-05-02 20:00:00,141.87103195786477,137.32455770075322
2024-05-03 00:00:00,138.68602169752123,136.9591471838951
2024-05-03 04:00:00,139.9087964272499,138.72599015653134
2024-05-03 08:00:00,138.9003776848316,136.75920990526674
2024-05-03 12:00:00,138.27203462600707,136.71222482681273
2024-05-03 16:00:00,143.60836247444152,145.17748947739602
2024-05-03 20:00:00,142.7361907428503,144.31407804965974
2024-05-04 00:00:00,143.39066753029823,146.091545689106
2024-05-04 04:00:00,144.69643478393556,142.5017607831955
2024-05-04 08:00:00,144.4485670232773,141.52462149858476
2024-05-04 12:00:00,144.78502923309804,148.80600877761842
2024-05-04 16:00:00,147.35911380767823,149.11107297182085
2024-05-04 20:00:00,146.61734129190447,146.25578236579895
2024-05-05 00:00:00,141.96678115129473,148.29816779494286
2024-05-05 04:00:00,143.91881278991698,144.78283224821092
2024-05-05 08:00:00,147.30477302551267,140.17879167556762
2024-05-05 12:00:00,148.22487896680832,146.32730476021766
2024-05-05 16:00:00,147.01239771366122,148.2998175418377
2024-05-05 20:00:00,144.53953660547734,145.48446508705615
2024-05-06 00:00:00,146.4384278666973,146.00385803699493
2024-05-06 04:00:00,145.70387678861618,144.52495032548904
2024-05-06 08:00:00,146.77660637557506,147.38719203412532
2024-05-06 12:00:00,154.76301489114763,155.05670915007593
2024-05-06 16:00:00,156.3138561272621,155.40308695316315
2024-05-06 20:00:00,152.24671437978745,154.37904072761535
2024-05-07 00:00:00,156.37681534051893,150.67872578859328
2024-05-07 04:00:00,153.95035543680189,152.3339487826824
2024-05-07 08:00:00,159.80621653676033,156.32133350014686
2024-05-07 12:00:00,155.27339626193046,155.5270978307724
2024-05-07 16:00:00,154.43067352473736,157.61093422293663
2024-05-07 20:00:00,146.08031780362128,152.59539915919305
2024-05-08 00:00:00,149.32612153410912,147.60972973823547
2024-05-08 04:00:00,146.92698815464973,149.4675910770893
2024-05-08 08:00:00,146.3310948717594,147.01806524276734
2024-05-08 12:00:00,145.94018188476562,143.98820955932138
2024-05-08 16:00:00,146.3101718759537,144.0530702519417
2024-05-08 20:00:00,145.66452491760253,142.13452335596082
2024-05-09 00:00:00,141.40435482263567,144.1785113334656
2024-05-09 04:00:00,144.01643829107283,142.19713775157928
2024-05-09 08:00:00,142.55717752039433,143.89854558706284
2024-05-09 12:00:00,142.78739440441132,143.02095966339112
2024-05-09 16:00:00,145.95481671988964,144.134026953578
2024-05-09 20:00:00,149.24470288038256,148.9638211286068
2024-05-10 00:00:00,150.9324467229843,157.38391847491263
2024-05-10 04:00:00,153.05771982192994,151.91721018612387
2024-05-10 08:00:00,154.26773886322977,155.6261102437973
2024-05-10 12:00:00,153.36640883982182,157.09662560105323
2024-05-10 16:00:00,147.1000317764282,148.2253515458107
2024-05-10 20:00:00,147.9246740436554,148.2451859486103
2024-05-11 00:00:00,145.40775240361688,144.71080883324146
2024-05-11 04:00:00,143.83611226558685,143.68186627864836
2024-05-11 08:00:00,146.01304340839386,145.7553227710724
2024-05-11 12:00:00,143.01009534299374,143.3985688239336
2024-05-11 16:00:00,147.11386045217515,144.05940822958948
2024-05-11 20:00:00,145.75727385997772,146.65868394374849
2024-05-12 00:00:00,146.81489415884016,143.47250482082364
2024-05-12 04:00:00,146.44856958389283,147.40563297271729
2024-05-12 08:00:00,146.07825382709504,143.6355284023285
2024-05-12 12:00:00,148.08449797630308,144.25913338661192
2024-05-12 16:00:00,146.45547008514404,144.54515876770017
2024-05-12 20:00:00,145.80315399169922,143.81517894744874
2024-05-13 00:00:00,143.88329007267953,144.60035389780998
2024-05-13 04:00:00,139.8791941666603,140.9990002834797
2024-05-13 08:00:00,143.97483573913576,143.8884287405014
2024-05-13 12:00:00,147.37460423469543,146.44923433542252
2024-05-13 16:00:00,146.69477183818816,147.98996202945708
2024-05-13 20:00:00,150.4454963719845,147.8601632410288
2024-05-14 00:00:00,144.05410128593445,143.32126510977744
2024-05-14 04:00:00,147.04617713928224,144.70525574684143
2024-05-14 08:00:00,146.5482977414131,144.91575642347334
2024-05-14 12:00:00,145.96542996525764,147.5795505821705
2024-05-14 16:00:00,142.29861225128172,140.4474144601822
2024-05-14 20:00:00,144.63909823894502,144.5832657814026
2024-05-15 00:00:00,144.414502055645,142.3594830083847
2024-05-15 04:00:00,144.42191541671752,142.1181646180153
2024-05-15 08:00:00,142.77999281227588,143.10934337615967
2024-05-15 12:00:00,144.23594562888144,142.68275819957256
2024-05-15 16:00:00,152.40508151054382,150.5008945477009
2024-05-15 20:00:00,153.80233173608778,155.21833050727844
2024-05-16 00:00:00,158.62724079608918,159.47944135665895
2024-05-16 04:00:00,164.08328079342843,164.24783728837969
2024-05-16 08:00:00,163.08081457614898,163.66810351610184
2024-05-16 12:00:00,163.36102913856504,162.72771438896655
2024-05-16 16:00:00,161.32667289972304,158.72068744003772
2024-05-16 20:00:00,158.9736698961258,157.54046070575714
2024-05-17 00:00:00,154.00386830806733,157.09217919409275
2024-05-17 04:00:00,159.89017405629158,163.8874965620041
2024-05-17 08:00:00,171.23551726341248,165.29869780540466
2024-05-17 12:00:00,170.93364482402802,166.3880082857609
2024-05-17 16:00:00,169.10609064400197,171.95574752688407
2024-05-17 20:00:00,169.53170729756354,165.1362045818567
2024-05-18 00:00:00,169.05861594200135,167.17096532821654
2024-05-18 04:00:00,173.08493399620056,171.4340888738632
2024-05-18 08:00:00,173.91683656454086,173.50416882514955
2024-05-18 12:00:00,173.9324098587036,170.9623673439026
2024-05-18 16:00:00,172.34573816061018,166.78725078701973
2024-05-18 20:00:00,169.52371709048748,170.355510532856
2024-05-19 00:00:00,172.25393919944764,176.85961213111878
2024-05-19 04:00:00,174.59442811965943,173.7732218170166
2024-05-19 08:00:00,174.4682559263706,172.65953565001487
2024-05-19 12:00:00,171.29032532215118,170.47003010749816
2024-05-19 16:00:00,168.04829626083372,169.576378275156
2024-05-19 20:00:00,169.3738060593605,170.70629100799562
2024-05-20 00:00:00,170.69677684307098,166.84388121306898
2024-05-20 04:00:00,173.84387590885163,174.13676416873932
2024-05-20 08:00:00,177.5264459168911,175.07639755129813
2024-05-20 12:00:00,176.84594520330427,175.96293257474898
2024-05-20 16:00:00,181.05480841398239,177.5307671302557
2024-05-20 20:00:00,186.62055478990078,189.2888636291027
2024-05-21 00:00:00,183.9137801349163,187.4670214295387
2024-05-21 04:00:00,184.28276265025139,182.7471148812771
2024-05-21 08:00:00,180.24735372543336,182.27279695510865
2024-05-21 12:00:00,178.31155037879944,173.66816771030426
2024-05-21 16:00:00,177.33181259036064,172.84076426923275
2024-05-21 20:00:00,175.1131982445717,178.9243594646454
2024-05-22 00:00:00,177.99507510066033,176.42003360688688
2024-05-22 04:00:00,179.2024752497673,174.7047904253006
2024-05-22 08:00:00,179.70786063730716,178.29710887253282
2024-05-22 12:00:00,176.7572823917866,180.9226355791092
2024-05-22 16:00:00,182.19728700876234,178.3806427401304
2024-05-22 20:00:00,179.58055480480195,175.86289646863938
2024-05-23 00:00:00,178.47472256422043,177.6963719666004
2024-05-23 04:00:00,176.76133455574512,179.54483639717103
2024-05-23 08:00:00,177.45465867996217,177.06860446929932
2024-05-23 12:00:00,179.67349047780036,174.754982278347
2024-05-23 16:00:00,168.3754220366478,171.8212969958782
2024-05-23 20:00:00,169.82606292009353,170.67340851545333
2024-05-24 00:00:00,177.17309858322145,178.12878341674804
2024-05-24 04:00:00,172.54854830741883,173.96453419566154
2024-05-24 08:00:00,166.3752317237854,165.65733706474305
2024-05-24 12:00:00,165.7224470293522,169.56852294921876
2024-05-24 16:00:00,166.4074038016796,167.93912909269332
2024-05-24 20:00:00,169.98109166264535,170.23645793795586
2024-05-25 00:00:00,167.51579926013946,167.64600323438643
2024-05-25 04:00:00,170.94331974983214,168.43926666140555
2024-05-25 08:00:00,170.21089850306512,170.99277314543724
2024-05-25 12:00:00,167.14865844726563,168.71906193971634
2024-05-25 16:00:00,173.66619135260584,167.81270403921604
2024-05-25 20:00:00,167.20102394044397,167.38398079395293
2024-05-26 00:00:00,169.23501771092415,168.70728633999823
2024-05-26 04:00:00,163.96870108604432,164.76203191041947
2024-05-26 08:00:00,163.69414392828944,161.54931609570983
2024-05-26 12:00:00,163.62174067378047,163.52560001015664
2024-05-26 16:00:00,165.39825859069825,161.0362216591835
2024-05-26 20:00:00,162.88361846089364,165.02965203404426
2024-05-27 00:00:00,163.95692019939423,164.86568121314048
2024-05-27 04:00:00,165.62022523164748,166.01420644044876
2024-05-27 08:00:00,166.80929708480835,165.54217823028566
2024-05-27 12:00:00,168.69373714447022,169.12927364110948
2024-05-27 16:00:00,172.77294921875,171.6630233001709
2024-05-27 20:00:00,168.6837959110737,164.75134712457657
2024-05-28 00:00:00,170.29269414544106,168.46361280083656
2024-05-28 04:00:00,167.88540086746215,165.02092909812927
2024-05-28 08:00:00,166.03194795131682,165.61088250339031
2024-05-28 12:00:00,171.54998100161552,167.41146589577198
2024-05-28 16:00:00,168.71473194599153,168.8960390996933
2024-05-28 20:00:00,170.2083796185255,164.41137553513047
2024-05-29 00:00:00,169.07196959018708,167.82367121696473
2024-05-29 04:00:00,173.42955436706544,172.55434774160383
2024-05-29 08:00:00,159.6282539844513,171.92840366363527
2024-05-29 12:00:00,165.6761821269989,167.10463294506073
2024-05-29 16:00:00,168.44103949069975,167.13859437704085
2024-05-29 20:00:00,169.22282036483287,170.65669291019438
2024-05-30 00:00:00,168.56794700622558,172.11121948242186
2024-05-30 04:00:00,169.15586716473103,170.66233183622361
2024-05-30 08:00:00,164.01782155036926,162.5763201713562
2024-05-30 12:00:00,164.665079498291,162.42513810396193
2024-05-30 16:00:00,166.87996773719786,165.44805178642272
2024-05-30 20:00:00,170.48879778385162,165.6207123327255
2024-05-31 00:00:00,176.73127393722532,163.79731041908263
2024-05-31 04:00:00,169.18170147895813,167.4522645711899
2024-05-31 08:00:00,166.06428272724153,168.08836639881133
2024-05-31 12:00:00,168.62335614860058,170.17892003059387
2024-05-31 16:00:00,163.67457716047764,162.11352424740792
2024-05-31 20:00:00,167.8251562857628,164.96680950820448
2024-06-01 00:00:00,165.824938839674,167.62106842994692
2024-06-01 04:00:00,167.42967506408692,166.5120972955227
2024-06-01 08:00:00,165.3192999958992,168.27319417595862
2024-06-01 12:00:00,163.82297322273254,170.03256601333618
2024-06-01 16:00:00,173.3531470298767,167.57468885064125
2024-06-01 20:00:00,167.0692525267601,168.49572810530663
2024-06-02 00:00:00,165.93366701602935,165.22353337168693
2024-06-02 04:00:00,166.95921821594237,165.29496116638182
2024-06-02 08:00:00,162.69209419846536,160.34972953796387
2024-06-02 12:00:00,166.56860141158106,163.17273111641407
2024-06-02 16:00:00,165.03187639474868,167.27632828712464
2024-06-02 20:00:00,162.9230762386322,160.3532085132599
2024-06-03 00:00:00,166.54031001329423,163.49259405732155
2024-06-03 04:00:00,162.01125055253507,164.03757772564887
2024-06-03 08:00:00,164.15708464086055,157.79619333148003
2024-06-03 12:00:00,165.01311152100564,162.49850637614728
2024-06-03 16:00:00,164.53181254565717,161.74961385548116
2024-06-03 20:00:00,167.3903575015068,166.04945235311985
2024-06-04 00:00:00,164.33300586163998,163.85751706779
2024-06-04 04:00:00,165.19658092617988,162.27062828421592
2024-06-04 08:00:00,163.10928141832352,163.53777512311936
2024-06-04 12:00:00,165.85208445310593,163.9928757727146
2024-06-04 16:00:00,168.31273060798645,168.69480425834655
2024-06-04 20:00:00,170.51448419451714,170.11661816239356
2024-06-05 00:00:00,170.42789368629457,170.72731966495513
2024-06-05 04:00:00,171.79824823975562,172.5789487016201
2024-06-05 08:00:00,176.38487753391266,176.712257720232
2024-06-05 12:00:00,175.4302606999874,172.59106317460535
2024-06-05 16:00:00,174.83386282444002,175.01056906938553
2024-06-05 20:00:00,173.75814414858817,175.31886462450026
2024-06-06 00:00:00,164.4968794822693,174.4723271727562
2024-06-06 04:00:00,174.44417241811752,170.70922780930997
2024-06-06 08:00:00,173.03373203277587,172.5404544353485
2024-06-06 12:00:00,177.20638370513916,168.49073100328448
2024-06-06 16:00:00,172.45522990703583,177.6940878415108
2024-06-06 20:00:00,170.3414949798584,166.13316575050354
2024-06-07 00:00:00,170.64353716373444,169.47552422583104
2024-06-07 04:00:00,168.89376490950585,168.7505558681488
2024-06-07 08:00:00,178.13475668549538,164.27045961022375
2024-06-07 12:00:00,174.2408162355423,169.3276728272438
2024-06-07 16:00:00,171.1803592324257,166.95277895331384
2024-06-07 20:00:00,161.05552743315695,160.98998843848705
2024-06-08 00:00:00,162.56361603736877,161.87485232949257
2024-06-08 04:00:00,162.37746500372884,162.62849903702735
2024-06-08 08:00:00,163.89774680137634,164.61805729866026
2024-06-08 12:00:00,163.43812379837036,161.24530479431152
2024-06-08 16:00:00,158.64604887068273,162.27626289725305
2024-06-08 20:00:00,160.00492206811904,159.78234307467937
2024-06-09 00:00:00,157.72100585103036,158.0718642818928
2024-06-09 04:00:00,156.15465275287627,158.58452939510346
2024-06-09 08:00:00,157.24089554369448,160.19422397851943
2024-06-09 12:00:00,158.1470007276535,159.11933747291565
2024-06-09 16:00:00,162.06059673786163,157.58369509398938
2024-06-09 20:00:00,161.44372260570526,166.194591319561
2024-06-10 00:00:00,162.09776519536973,164.81913714408876
2024-06-10 04:00:00,159.32806702136995,161.49360726714136
2024-06-10 08:00:00,157.30859717130662,154.68081990122795
2024-06-10 12:00:00,160.01166347742083,159.04609556674959
2024-06-10 16:00:00,161.5066513288021,165.4697001862526
2024-06-10 20:00:00,159.56413721323014,162.5900232410431
2024-06-11 00:00:00,158.8821829378605,162.81514292359353
2024-06-11 04:00:00,155.39848995804786,156.61172160506248
2024-06-11 08:00:00,152.95469507932663,156.88984717369078
2024-06-11 12:00:00,153.6447166055441,155.01838983654974
2024-06-11 16:00:00,152.1150236582756,148.03863773703574
2024-06-11 20:00:00,150.40655092597007,141.32022692799566
2024-06-12 00:00:00,149.3189707660675,151.89537834048272
2024-06-12 04:00:00,148.24055009782316,146.91375138759614
2024-06-12 08:00:00,155.43419782757758,151.2284737998247
2024-06-12 12:00:00,151.95789789676667,147.3030662870407
2024-06-12 16:00:00,158.2398771262169,159.65879607200623
2024-06-12 20:00:00,153.8208105325699,152.30755421698095
2024-06-13 00:00:00,156.8329090476036,153.5029060614109
2024-06-13 04:00:00,152.40404195189478,150.32083213925364
2024-06-13 08:00:00,149.86870959222318,150.02970879495143
2024-06-13 12:00:00,150.39161643743515,150.71493508338926
2024-06-13 16:00:00,147.94056057691574,145.30279112875462
2024-06-13 20:00:00,147.66964782834052,148.48953569054603
2024-06-14 00:00:00,141.3230013436079,147.51204272031782
2024-06-14 04:00:00,151.2744638323784,144.57822412252426
2024-06-14 08:00:00,148.13823394060137,149.32996611118318
2024-06-14 12:00:00,148.77823047637938,145.66091435551644
2024-06-14 16:00:00,143.3422637963295,144.0778231048584
2024-06-14 20:00:00,141.3429360628128,142.10080449581147
2024-06-15 00:00:00,144.8995904326439,145.3597626388073
2024-06-15 04:00:00,144.26728213906287,144.4428977072239
2024-06-15 08:00:00,143.9112745833397,145.61796414613724
2024-06-15 12:00:00,144.494883954525,148.4057992696762
2024-06-15 16:00:00,144.93712151348592,141.41004601180552
2024-06-15 20:00:00,144.4636332821846,143.92939751029013
2024-06-16 00:00:00,146.43016266822815,145.3609249305725
2024-06-16 04:00:00,153.2576457083225,146.50109972357748
2024-06-16 08:00:00,146.35323127388955,139.5102102780342
2024-06-16 12:00:00,144.39924776554108,144.59846138954163
2024-06-16 16:00:00,149.57432677388192,150.84998447299003
2024-06-16 20:00:00,149.99634974241258,148.2460235095024
2024-06-17 00:00:00,150.00738779306414,150.0276155769825
2024-06-17 04:00:00,147.58343061447144,149.16847223281863
2024-06-17 08:00:00,146.59162264645101,147.2302160203457
2024-06-17 12:00:00,142.05586621642112,141.43362993836402
2024-06-17 16:00:00,141.92212499856947,145.7673330938816
2024-06-17 20:00:00,144.23712360978126,144.8775250482559
2024-06-18 00:00:00,143.53078100562098,139.6006973332167
2024-06-18 04:00:00,136.10849085569382,135.39024035096168
2024-06-18 08:00:00,136.55332781016827,134.04249849736692
2024-06-18 12:00:00,138.16112348556518,134.06115753650664
2024-06-18 16:00:00,134.0071433532238,134.2012775570154
2024-06-18 20:00:00,133.46441396713254,132.1435618650913
2024-06-19 00:00:00,135.4593469554186,138.64324235320092
2024-06-19 04:00:00,141.35988399386406,139.7857333123684
2024-06-19 08:00:00,140.06368488550186,141.71997814178465
2024-06-19 12:00:00,138.5452020597458,140.3362496137619
2024-06-19 16:00:00,137.18778096199034,135.0290805530548
2024-06-19 20:00:00,138.26808241844176,135.27802374780177
2024-06-20 00:00:00,135.05723719358446,133.1408543431759
2024-06-20 04:00:00,132.9757490503788,130.7610427594185
2024-06-20 08:00:00,134.2765017080307,137.24438227415087
2024-06-20 12:00:00,139.86893204927443,140.63823641538622
2024-06-20 16:00:00,132.95589768767357,130.98154596984386
2024-06-20 20:00:00,142.34202522039413,135.0141997039318
2024-06-21 00:00:00,132.25652317106724,136.49560844302178
2024-06-21 04:00:00,132.2730603289604,132.09484579086305
2024-06-21 08:00:00,127.08434262335301,129.802026527524
2024-06-21 12:00:00,130.24866435050964,127.47043034553529
2024-06-21 16:00:00,132.89324305057525,132.79789566993713
2024-06-21 20:00:00,130.98044410705566,129.532870721817
2024-06-22 00:00:00,135.18661000728608,132.94246048927306
2024-06-22 04:00:00,133.49392721056938,136.09518879175187
2024-06-22 08:00:00,124.0303516995907,135.76962811231616
2024-06-22 12:00:00,134.68477024555207,133.39231404304505
2024-06-22 16:00:00,135.68440881371498,134.38401621580124
2024-06-22 20:00:00,133.6861294221878,134.42505167484282
2024-06-23 00:00:00,134.44967326521873,131.50164630889893
2024-06-23 04:00:00,134.75026312053205,133.89385766923428
2024-06-23 08:00:00,134.93632652282716,133.3222929763794
2024-06-23 12:00:00,131.84429339170455,131.7803269857168
2024-06-23 16:00:00,130.35482456803322,132.99610789060594
2024-06-23 20:00:00,128.98135623693466,131.20083665013314
2024-06-24 00:00:00,130.4917288506031,125.78560296773911
2024-06-24 04:00:00,126.93841979265214,126.39065019130707
2024-06-24 08:00:00,129.0784112930298,125.86013288497925
2024-06-24 12:00:00,126.56593766689299,127.18822955012321
2024-06-24 16:00:00,126.38232033371925,125.14129557728768
2024-06-24 20:00:00,127.90251910567284,129.11623077273367
2024-06-25 00:00:00,130.943672388196,131.37893523037434
2024-06-25 04:00:00,136.65911927342415,133.1733910638094
2024-06-25 08:00:00,135.2282075572014,135.10175466299057
2024-06-25 12:00:00,138.6570808172226,134.13377212285997
2024-06-25 16:00:00,139.7886887598038,138.1300939834118
2024-06-25 20:00:00,138.89744013547897,137.2369522601366
2024-06-26 00:00:00,136.49334115862848,135.28501814246178
2024-06-26 04:00:00,140.6631667637825,139.23590080261232
2024-06-26 08:00:00,137.96956582546233,139.862140417099
2024-06-26 12:00:00,137.14219101905823,138.06276419639588
2024-06-26 16:00:00,135.98524530887605,137.57978662490845
2024-06-26 20:00:00,142.30547132492063,138.43498821258544
2024-06-27 00:00:00,139.38568398714065,135.02717100679874
2024-06-27 04:00:00,136.35700906276705,138.5608171749115
2024-06-27 08:00:00,136.69947812080383,136.21626138806343
2024-06-27 12:00:00,139.01883702278138,139.2343919992447
2024-06-27 16:00:00,146.32045987665654,149.4037900388241
2024-06-27 20:00:00,148.3239303791523,146.8417209994793
2024-06-28 00:00:00,149.22140753388405,149.2635706526041
2024-06-28 04:00:00,145.77953285694122,148.98530528783797
2024-06-28 08:00:00,145.9006625533104,145.1027624833584
2024-06-28 12:00:00,145.4293106496334,143.1397770345211
2024-06-28 16:00:00,143.15648640096185,141.85274905920028
2024-06-28 20:00:00,143.3283535480499,138.39782282590866
2024-06-29 00:00:00,140.0329546391964,137.9168487238884
2024-06-29 04:00:00,142.14794143080712,142.70816950798036
2024-06-29 08:00:00,141.0122252702713,142.1072371006012
2024-06-29 12:00:00,140.11603004217147,137.72238813281058
2024-06-29 16:00:00,141.49315274477004,141.9484778237343
2024-06-29 20:00:00,141.33079663038254,141.36324221134186
2024-06-30 00:00:00,143.28616913795472,141.25130337238312
2024-06-30 04:00:00,141.58654668331147,137.07432512640955
2024-06-30 08:00:00,140.2441056346893,141.7750810432434
2024-06-30 12:00:00,137.2308902013302,141.65999067306518
2024-06-30 16:00:00,144.98206543922424,143.50195660173895
2024-06-30 20:00:00,143.4996232175827,144.75914479017257
2024-07-01 00:00:00,146.75324373722077,147.1271525359154
2024-07-01 04:00:00,147.4928250181675,151.08527024507524
2024-07-01 08:00:00,147.65114613175393,148.49711792469026
2024-07-01 12:00:00,146.0988771498203,147.92029450654982
2024-07-01 16:00:00,147.66108360886574,146.29599344730377
2024-07-01 20:00:00,147.65436125278472,144.2722705745697
2024-07-02 00:00:00,147.23894323825834,144.9692985767126
2024-07-02 04:00:00,146.53331706047058,147.36888502836226
2024-07-02 08:00:00,148.91589811086655,147.06711965978147
2024-07-02 12:00:00,149.43360260963442,147.23457415103914
2024-07-02 16:00:00,147.93783070266247,149.35230697631835
2024-07-02 20:00:00,153.27740630149842,149.88649916946886
2024-07-03 00:00:00,153.26805846214293,155.571345154047
2024-07-03 04:00:00,149.90334896087646,147.5592756175995
2024-07-03 08:00:00,145.19893684387208,147.65322790145873
2024-07-03 12:00:00,145.0012004327774,145.1839369249344
2024-07-03 16:00:00,135.81422626018525,143.9076670074463
2024-07-03 20:00:00,140.56111207008362,140.57574331998825
2024-07-04 00:00:00,140.37602392673492,140.95478937625884
2024-07-04 04:00:00,137.60262455940247,136.82400678396226
2024-07-04 08:00:00,135.23644220590592,128.4679648590088
2024-07-04 12:00:00,132.63654352366925,134.3456981575489
2024-07-04 16:00:00,134.6643121957779,134.55788692235947
2024-07-04 20:00:00,132.35208559036255,136.66769742965698
2024-07-05 00:00:00,125.19116167902946,125.46236436009407
2024-07-05 04:00:00,120.84998878836632,123.17164071559907
2024-07-05 08:00:00,127.8709716796875,127.70499984741211
2024-07-05 12:00:00,129.29271726846696,130.6415314424038
2024-07-05 16:00:00,133.71029740214348,134.14203245639803
2024-07-05 20:00:00,136.93419568777085,137.48155043721198
2024-07-06 00:00:00,135.9410422706604,133.73747646331788
2024-07-06 04:00:00,134.09276190519333,132.865669131279
2024-07-06 08:00:00,140.1491068124771,136.7100854587555
2024-07-06 12:00:00,140.2887761592865,135.95233418047428
2024-07-06 16:00:00,142.51536931037901,140.9483076763153
2024-07-06 20:00:00,142.5719388914108,144.11008801937103
2024-07-07 00:00:00,143.8427546977997,142.9818737089634
2024-07-07 04:00:00,140.98817112922669,141.36297106027604
2024-07-07 08:00:00,141.55503736019133,140.93234466195108
2024-07-07 12:00:00,139.96370874881742,137.55421644330022
2024-07-07 16:00:00,137.57809283852578,137.7123424208164
2024-07-07 20:00:00,136.69492752730847,137.39378146171572
2024-07-08 00:00:00,131.18329503536222,130.44383095979688
2024-07-08 04:00:00,129.38786476492882,131.08960493803025
2024-07-08 08:00:00,133.140711247921,133.10095925927163
2024-07-08 12:00:00,140.42163682043554,139.55108464300633
2024-07-08 16:00:00,137.19185769081116,141.09745054006578
2024-07-08 20:00:00,137.82650325596333,139.79169285297394
2024-07-09 00:00:00,138.4094346690178,138.38795135617255
2024-07-09 04:00:00,140.48382990837098,138.2615464067459
2024-07-09 08:00:00,140.1517264509201,139.25294359445573
2024-07-09 12:00:00,141.61017732620238,143.9336866569519
2024-07-09 16:00:00,140.36662519454958,141.51082201480867
2024-07-09 20:00:00,141.1802259159088,142.4986542415619
2024-07-10 00:00:00,143.26756525039673,136.4504537451267
2024-07-10 04:00:00,147.07101576805113,140.86324228167533
2024-07-10 08:00:00,143.94612991094587,144.827379925251
2024-07-10 12:00:00,143.11106697320938,145.2035344147682
2024-07-10 16:00:00,139.33760662794114,141.58834550142288
2024-07-10 20:00:00,141.1170871925354,140.13130840837954
2024-07-11 00:00:00,141.82527705073355,141.87823642373084
2024-07-11 04:00:00,141.12551567554476,138.27949527502062
2024-07-11 08:00:00,141.47860318422318,145.56036190986632
2024-07-11 12:00:00,146.75426971435547,139.5559665298462
2024-07-11 16:00:00,138.33213292658328,137.51803892254827
2024-07-11 20:00:00,136.50691340088844,134.59772568702698
2024-07-12 00:00:00,135.6381526583433,135.9548411273956
2024-07-12 04:00:00,137.4619271171093,135.03703514814376
2024-07-12 08:00:00,136.0250635755062,134.4277271825075
2024-07-12 12:00:00,133.72845520675182,133.7364273816347
2024-07-12 16:00:00,138.85359182953835,137.81744832098482
2024-07-12 20:00:00,136.7279629969597,134.94088139414788
2024-07-13 00:00:00,137.60634551882745,139.49103873968124
2024-07-13 04:00:00,137.52257823944092,136.8288867920637
2024-07-13 08:00:00,139.42416370868682,138.03920442581176
2024-07-13 12:00:00,139.77706662416458,136.67287690162658
2024-07-13 16:00:00,142.36301582336426,138.76620324611665
2024-07-13 20:00:00,140.64917517900466,141.2983043193817
2024-07-14 00:00:00,142.54493172168733,143.59240869283676
2024-07-14 04:00:00,143.02414762735367,145.9109902715683
2024-07-14 08:00:00,144.9182801246643,143.69609949052335
2024-07-14 12:00:00,145.87990696907042,143.7249990749359
2024-07-14 16:00:00,145.45900103449821,146.01792206764222
2024-07-14 20:00:00,151.35485793828965,147.05066422462463
2024-07-15 00:00:00,146.8199673807621,147.32117936253547
2024-07-15 04:00:00,150.3305904442072,150.74137840569017
2024-07-15 08:00:00,153.22895881295204,154.7390818941593
2024-07-15 12:00:00,154.5770980167389,150.0242960143089
2024-07-15 16:00:00,153.46766674518585,152.00420375704766
2024-07-15 20:00:00,156.78732605338098,157.70627675890924
2024-07-16 00:00:00,157.75274326562882,158.4968331825733
2024-07-16 04:00:00,161.153024725914,159.0810469675064
2024-07-16 08:00:00,152.10189546704294,151.46122649371625
2024-07-16 12:00:00,156.48779100894927,159.5648919582367
2024-07-16 16:00:00,162.9960573577881,162.8537803888321
2024-07-16 20:00:00,170.6021002936363,158.92941421866416
2024-07-17 00:00:00,160.58632930397988,162.4557565999031
2024-07-17 04:00:00,160.97497893333434,161.4007491445541
2024-07-17 08:00:00,159.70974737405777,161.34225211143493
2024-07-17 12:00:00,160.33784283638002,161.05875185489654
2024-07-17 16:00:00,158.44733787536623,156.00767768859865
2024-07-17 20:00:00,160.33630235791207,158.01657188892366
2024-07-18 00:00:00,153.4682750403881,154.84034073352814
2024-07-18 04:00:00,157.97321146845817,157.93368078052998
2024-07-18 08:00:00,159.23070336818694,157.4855509495735
2024-07-18 12:00:00,159.90582895874977,159.46912196874618
2024-07-18 16:00:00,155.85553375840186,157.2661543738842
2024-07-18 20:00:00,159.6242887687683,156.6703762114048
2024-07-19 00:00:00,161.8735692334175,160.27153885126114
2024-07-19 04:00:00,164.5385268700123,164.23931354403496
2024-07-19 08:00:00,160.2386290192604,165.23243403673172
2024-07-19 12:00:00,162.24781555831433,160.68960654437544
2024-07-19 16:00:00,167.53941416740417,168.0290858268738
2024-07-19 20:00:00,173.64173001766207,171.5031282091141
2024-07-20 00:00:00,169.33496554136275,167.53443015813826
2024-07-20 04:00:00,168.50623155772686,162.97626088917255
2024-07-20 08:00:00,167.67476285219192,169.83309823036194
2024-07-20 12:00:00,170.6178510260582,171.64102106809617
2024-07-20 16:00:00,169.5138429260254,167.20792324066161
2024-07-20 20:00:00,171.95191198468208,169.53919353604314
2024-07-21 00:00:00,175.9136918067932,175.19746780395508
2024-07-21 04:00:00,172.76094830274582,170.2828707420826
2024-07-21 08:00:00,171.67426909446718,168.07212698578834
2024-07-21 12:00:00,174.27577910423278,174.79221757888794
2024-07-21 16:00:00,173.49471236467363,174.07323113679885
2024-07-21 20:00:00,178.35602657556532,177.11646280884742
2024-07-22 00:00:00,183.591490175128,185.6402298116684
2024-07-22 04:00:00,181.44783769607542,176.67638719201088
2024-07-22 08:00:00,179.91949618935584,174.99031975090503
2024-07-22 12:00:00,181.9234877228737,178.80849295258523
2024-07-22 16:00:00,187.82373819351196,179.92889087677003
2024-07-22 20:00:00,166.13091781139374,183.8905947160721
2024-07-23 00:00:00,181.77823009490967,174.80289405584335
2024-07-23 04:00:00,180.02205902338028,180.75557280778884
2024-07-23 08:00:00,176.56499196767808,177.0342833685875
2024-07-23 12:00:00,175.72291909217836,171.04355476140975
2024-07-23 16:00:00,176.9039471948147,180.54253777742386
2024-07-23 20:00:00,177.82008965492247,168.78030291199684
2024-07-24 00:00:00,174.33146752357484,173.7146441936493
2024-07-24 04:00:00,177.90123924613,173.1526968985796
2024-07-24 08:00:00,174.87960594892502,177.56651321053505
2024-07-24 12:00:00,176.85050818443298,177.0469772338867
2024-07-24 16:00:00,177.40575601577757,181.483259601593
2024-07-24 20:00:00,181.9722001791,178.28089370727537
2024-07-25 00:00:00,178.53122621536255,181.78945832490922
2024-07-25 04:00:00,171.13559376478196,169.00275107204914
2024-07-25 08:00:00,170.09701795578005,169.76700673103332
2024-07-25 12:00:00,169.0026443731785,167.70028751313686
2024-07-25 16:00:00,171.47320874333383,172.5220858848095
2024-07-25 20:00:00,168.85903163671492,165.67699914813042
2024-07-26 00:00:00,171.53162526488305,170.74144502580165
2024-07-26 04:00:00,179.22866755723953,179.9698941409588
2024-07-26 08:00:00,176.63780096173286,175.66735829412937
2024-07-26 12:00:00,178.43952051103116,176.63229127407075
2024-07-26 16:00:00,180.81896165192128,183.1098543906212
2024-07-26 20:00:00,182.5605137884617,183.28623828411102
2024-07-27 00:00:00,183.1307265686989,187.05619297742845
2024-07-27 04:00:00,183.79069842100142,177.62729566693307
2024-07-27 08:00:00,188.19078979492187,187.4933864593506
2024-07-27 12:00:00,182.8065551519394,185.06166068315505
2024-07-27 16:00:00,184.48649522781372,182.13452298402788
2024-07-27 20:00:00,188.44191888332367,178.87555701255798
2024-07-28 00:00:00,184.1368160533905,185.094520778656
2024-07-28 04:00:00,184.42394401311876,188.38700291752815
2024-07-28 08:00:00,185.9167943572998,179.90528074264526
2024-07-28 12:00:00,185.41918661117552,181.70676844358442
2024-07-28 16:00:00,184.88257825255394,183.46656155705455
2024-07-28 20:00:00,184.7646248102188,184.94577890872955
2024-07-29 00:00:00,175.30618634819984,181.42721559405328
2024-07-29 04:00:00,191.050025716424,184.4843092262745
2024-07-29 08:00:00,192.55753858685492,192.12444997131823
2024-07-29 12:00:00,191.2273853111267,186.73174328565597
2024-07-29 16:00:00,186.34322541058063,180.648137819767
2024-07-29 20:00:00,185.9263477921486,189.3378572702408
2024-07-30 00:00:00,182.83789356827737,183.38922022938726
2024-07-30 04:00:00,182.59332032203676,180.3478992712498
2024-07-30 08:00:00,182.95502448678016,181.94070040762423
2024-07-30 12:00:00,180.88619776368142,177.14016673207283
2024-07-30 16:00:00,177.88931427597998,176.7373364549875
2024-07-30 20:00:00,177.29832226574422,180.29122846484185
2024-07-31 00:00:00,179.0395434951782,177.81891757965087
2024-07-31 04:00:00,180.3282853835821,181.02354579329491
2024-07-31 08:00:00,181.20952293992042,185.4094408583641
2024-07-31 12:00:00,181.69262916326522,176.36580075263976
2024-07-31 16:00:00,180.21170132637025,179.38601880550385
2024-07-31 20:00:00,176.14618874132634,179.71782470941545
2024-08-01 00:00:00,172.02815630555153,170.56500165581704
2024-08-01 04:00:00,166.14977945804597,168.878841483593
2024-08-01 08:00:00,169.77077323317528,170.32056951045988
2024-08-01 12:00:00,169.16977035343646,166.02122543156148
2024-08-01 16:00:00,163.25997536659239,165.21053585171697
2024-08-01 20:00:00,163.74740800857543,162.19979281425478
2024-08-02 00:00:00,164.61953886330127,167.51106105566026
2024-08-02 04:00:00,163.89439150810242,166.00063199996947
2024-08-02 08:00:00,161.48147329330445,159.64198358535765
2024-08-02 12:00:00,163.1705954915285,162.64853127121927
2024-08-02 16:00:00,156.60166294574736,158.0591748714447
2024-08-02 20:00:00,150.038581687212,152.20051965713503
2024-08-03 00:00:00,152.85231644630434,158.07982965350152
2024-08-03 04:00:00,151.10491136312484,151.68639441728592
2024-08-03 08:00:00,150.6193151450157,153.27796568393705
2024-08-03 12:00:00,152.43914560317992,153.99184484243392
2024-08-03 16:00:00,145.5162142276764,145.93565477132796
2024-08-03 20:00:00,139.73209565401075,139.79799854755402
2024-08-04 00:00:00,143.30937581062318,141.3472259449959
2024-08-04 04:00:00,147.5693388366699,141.21645027160645
2024-08-04 08:00:00,136.63877337813378,141.26858360767363
2024-08-04 12:00:00,144.37469285964966,143.89718203544615
2024-08-04 16:00:00,136.31969262838362,135.62069753050804
2024-08-04 20:00:00,139.54497289657593,139.3041591644287
2024-08-05 00:00:00,139.22221989870073,134.1116777855158
2024-08-05 04:00:00,125.63055193305016,126.85868123531341
2024-08-05 08:00:00,123.19316294193268,122.38604917526246
2024-08-05 12:00:00,115.64854942560196,109.01386632442474
2024-08-05 16:00:00,131.65100749969483,127.30017383337021
2024-08-05 20:00:00,125.85018579483031,129.98965483188627
2024-08-06 00:00:00,131.8475729227066,127.29175561666489
2024-08-06 04:00:00,138.9932289457321,136.00941340446474
2024-08-06 08:00:00,142.3216886615753,140.60966564536093
2024-08-06 12:00:00,139.09970306396485,137.07643731594086
2024-08-06 16:00:00,147.58997280597688,149.2059399485588
2024-08-06 20:00:00,147.73583841323853,145.9905592405796
2024-08-07 00:00:00,144.18513708114625,144.2566432952881
2024-08-07 04:00:00,153.51563679456711,151.21820358753206
2024-08-07 08:00:00,154.08056068897247,151.71789276123047
2024-08-07 12:00:00,151.28911723315719,150.78967006087305
2024-08-07 16:00:00,146.4490154194832,147.95888647794723
2024-08-07 20:00:00,144.42090448379517,144.38428084373473
2024-08-08 00:00:00,145.5085530650616,142.24991093993188
2024-08-08 04:00:00,153.0486460661888,153.38832866549492
2024-08-08 08:00:00,158.46304695010187,151.96226206421852
2024-08-08 12:00:00,153.0194208073616,152.62215146780014
2024-08-08 16:00:00,160.28876911401747,158.92730988264083
2024-08-08 20:00:00,154.1552238190174,156.0329808628559
2024-08-09 00:00:00,160.84616078674793,163.20150519013404
2024-08-09 04:00:00,156.00194519519806,157.58797109127045
2024-08-09 08:00:00,163.72628322601318,160.26859794616698
2024-08-09 12:00:00,156.2150542473793,158.31356905937196
2024-08-09 16:00:00,151.37546936154365,151.71020849823952
2024-08-09 20:00:00,151.91702270507812,151.74312744140624
2024-08-10 00:00:00,154.54338333129883,153.81140954017638
2024-08-10 04:00:00,157.2948221898079,150.81072333455086
2024-08-10 08:00:00,157.2981376361847,153.11888747155666
2024-08-10 12:00:00,156.20725749731062,153.5222408771515
2024-08-10 16:00:00,150.5876614379883,153.9866125202179
2024-08-10 20:00:00,155.90726741313932,156.30906007528304
2024-08-11 00:00:00,157.3462192118168,151.6133334237337
2024-08-11 04:00:00,155.61117697834968,155.82197798609732
2024-08-11 08:00:00,159.23326347470282,155.46584069609642
2024-08-11 12:00:00,153.58827704787254,151.38789088010788
2024-08-11 16:00:00,149.72346495747564,149.76630063176154
2024-08-11 20:00:00,145.7361457836628,146.69243185043334
2024-08-12 00:00:00,141.82866548895836,141.5920237791538
2024-08-12 04:00:00,141.41196228981016,142.49445802688598
2024-08-12 08:00:00,146.11526144504546,146.63180775880812
2024-08-12 12:00:00,148.85740453004837,150.03025649487972
2024-08-12 16:00:00,149.04826882839205,143.18501915335656
2024-08-12 20:00:00,144.8012799024582,141.13547503948212
2024-08-13 00:00:00,147.78533538103102,146.00248111367225
2024-08-13 04:00:00,144.31512295246125,141.76567672133444
2024-08-13 08:00:00,145.67808820545673,149.09663973331453
2024-08-13 12:00:00,147.10089997291564,147.1019086074829
2024-08-13 16:00:00,146.1803574180603,146.88547145843506
2024-08-13 20:00:00,146.55564284920695,145.18975014388562
2024-08-14 00:00:00,147.04399278759956,144.3074762582779
2024-08-14 04:00:00,144.61633656978606,145.541026597023
2024-08-14 08:00:00,143.19908025205135,145.67525966286658
2024-08-14 12:00:00,147.56434363126755,149.96786734104157
2024-08-14 16:00:00,145.8583723783493,146.85872111320495
2024-08-14 20:00:00,142.82455414295197,142.60478806972503
2024-08-15 00:00:00,144.50574415564537,144.04326037287714
2024-08-15 04:00:00,145.54805855751036,144.6172623693943
2024-08-15 08:00:00,142.92107111811637,140.31151616334915
2024-08-15 12:00:00,158.7171059203148,141.3466523373127
2024-08-15 16:00:00,146.54701541662214,148.52276515960693
2024-08-15 20:00:00,140.08325314998626,138.8373690378666
2024-08-16 00:00:00,142.67438356637956,139.88907404184343
2024-08-16 04:00:00,137.86109533667565,141.69003655135631
2024-08-16 08:00:00,147.49146143078804,144.69864057064058
2024-08-16 12:00:00,141.56664690375328,140.94741790354252
2024-08-16 16:00:00,137.13321920514107,137.4516238707304
2024-08-16 20:00:00,141.00675179243086,139.77918582558632
2024-08-17 00:00:00,139.63203741073607,136.99874802589414
2024-08-17 04:00:00,137.00185876011847,136.9589182370901
2024-08-17 08:00:00,139.1473150253296,139.48913227319716
2024-08-17 12:00:00,142.3634767341614,141.50825258255006
2024-08-17 16:00:00,140.39035502433777,140.46702398300172
2024-08-17 20:00:00,141.33806756258014,140.26279578685762
2024-08-18 00:00:00,142.92291349053383,140.76645461797716
2024-08-18 04:00:00,148.63236704945564,141.1914230310917
2024-08-18 08:00:00,142.1421112895012,142.2414489686489
2024-08-18 12:00:00,146.3960007286072,143.12896001577377
2024-08-18 16:00:00,146.1040234565735,145.84193966388705
2024-08-18 20:00:00,143.26621986627578,144.02259712457658
2024-08-19 00:00:00,141.72047273039817,143.40360809087753
2024-08-19 04:00:00,142.77599312543867,142.23863782823085
2024-08-19 08:00:00,143.39607841968538,144.0293421626091
2024-08-19 12:00:00,143.1622172367573,144.93176263570786
2024-08-19 16:00:00,144.98277438640596,143.71774532556535
2024-08-19 20:00:00,143.36786157488822,144.17722234725952
2024-08-20 00:00:00,145.3265834903717,143.31336097836493
2024-08-20 04:00:00,146.2091696214676,143.6064302277565
2024-08-20 08:00:00,150.88079645872116,147.76711609721184
2024-08-20 12:00:00,145.79668374061586,144.9887045145035
2024-08-20 16:00:00,146.226094789505,141.75117557525635
2024-08-20 20:00:00,143.83365286350252,141.77716439127923
2024-08-21 00:00:00,142.85006269216538,142.22442873358727
2024-08-21 04:00:00,142.71520081043244,144.43345654964446
2024-08-21 08:00:00,140.3273435664177,146.0721697473526
2024-08-21 12:00:00,138.8706419467926,142.14225018382072
2024-08-21 16:00:00,139.60741839408877,139.18085564851762
2024-08-21 20:00:00,141.8453142517805,143.46570101737976
2024-08-22 00:00:00,141.9927455294132,142.94917173504828
2024-08-22 04:00:00,140.84986101984975,144.16961353540418
2024-08-22 08:00:00,143.33949996471407,144.48667196273806
2024-08-22 12:00:00,146.05956721901893,144.74664145231247
2024-08-22 16:00:00,143.86947164297104,143.65316175460816
2024-08-22 20:00:00,142.75830914497377,142.69887248754503
2024-08-23 00:00:00,142.73766631364822,142.64707615613938
2024-08-23 04:00:00,146.8398928642273,144.23771902084349
2024-08-23 08:00:00,143.44534650146963,146.32682716846466
2024-08-23 12:00:00,143.8541727089882,147.05890965342522
2024-08-23 16:00:00,146.8679111480713,142.76991996765136
2024-08-23 20:00:00,148.92880999445913,151.3162966132164
2024-08-24 00:00:00,153.9529451560974,153.07283282399177
2024-08-24 04:00:00,153.148982539773,152.17642344534397
2024-08-24 08:00:00,154.43525617957116,152.2538244366646
2024-08-24 12:00:00,157.47716547727586,156.106364120245
2024-08-24 16:00:00,159.01130888938906,160.60115509033204
2024-08-24 20:00:00,161.40240361094473,160.90470714330672
2024-08-25 00:00:00,159.32499384284017,159.80704552054405
2024-08-25 04:00:00,153.93957380056383,159.01518560647966
2024-08-25 08:00:00,156.05899329185488,158.95444833755494
2024-08-25 12:00:00,150.78570488929748,159.39122034072875
2024-08-25 16:00:00,159.42398942112922,161.766196256876
2024-08-25 20:00:00,159.04220999479293,158.44874817728996
2024-08-26 00:00:00,158.95012213706968,158.57665499925614
2024-08-26 04:00:00,158.56890025198462,157.4229694569111
2024-08-26 08:00:00,159.67207963705064,158.32387755155565
2024-08-26 12:00:00,160.48364293813705,154.59596503615379
2024-08-26 16:00:00,155.44296248197554,151.69107167005538
2024-08-26 20:00:00,159.74410843849182,156.21426606178284
2024-08-27 00:00:00,156.5821914482117,155.30561841964723
2024-08-27 04:00:00,161.96692999482156,159.34933357119561
2024-08-27 08:00:00,158.82444882392883,159.11514173984528
2024-08-27 12:00:00,153.82566489458083,150.90441697239874
2024-08-27 16:00:00,154.02611777186394,152.62698970735073
2024-08-27 20:00:00,155.56072642564772,155.28890293121336
2024-08-28 00:00:00,146.60089120745658,144.42858991563318
2024-08-28 04:00:00,150.7411672568321,149.3745270180702
2024-08-28 08:00:00,144.99290582299233,145.27392560362816
2024-08-28 12:00:00,151.44018958568572,146.71106120586396
2024-08-28 16:00:00,144.17801265358926,142.3846105438471
2024-08-28 20:00:00,145.06286530971525,144.3567682623863
2024-08-29 00:00:00,143.18603748977182,141.73177253007887
2024-08-29 04:00:00,143.1754346346855,142.5566302895546
2024-08-29 08:00:00,144.5651966249943,144.11741773724555
2024-08-29 12:00:00,143.11084262967108,148.17189955830574
2024-08-29 16:00:00,147.8465632081032,147.23950397968292
2024-08-29 20:00:00,138.63019064426422,140.86076192378997
2024-08-30 00:00:00,139.15460348129272,138.85772585868835
2024-08-30 04:00:00,139.3924082815647,136.76612466573715
2024-08-30 08:00:00,139.03264479875565,138.39149715542794
2024-08-30 12:00:00,137.0627734029293,135.49003534913064
2024-08-30 16:00:00,132.98755059242248,132.0131597828865
2024-08-30 20:00:00,136.30199701309203,133.51594638705254
2024-08-31 00:00:00,138.12477230906487,139.3122918701172
2024-08-31 04:00:00,138.40993166804313,133.85519892573356
2024-08-31 08:00:00,138.09454211115838,140.09429110288622
2024-08-31 12:00:00,136.90876073777676,130.75422697126865
2024-08-31 16:00:00,136.34472329497336,134.4362848454714
2024-08-31 20:00:00,135.3286389183998,137.0474187505245
2024-09-01 00:00:00,135.04159604310988,132.72171706855298
2024-09-01 04:00:00,133.71208237946033,135.95485113501547
2024-09-01 08:00:00,132.59866406857967,134.19254562020302
2024-09-01 12:00:00,131.86071817159652,130.27182736516
2024-09-01 16:00:00,133.0632677990198,135.87637375235556
2024-09-01 20:00:00,139.8529896569252,134.29761255979537
2024-09-02 00:00:00,128.40625908970833,128.91693603992462
2024-09-02 04:00:00,129.86241820514203,129.87668314516546
2024-09-02 08:00:00,128.57655001878737,127.46003970026969
2024-09-02 12:00:00,131.8166655164957,132.11704106211664
2024-09-02 16:00:00,131.53900684833525,132.9826527786255
2024-09-02 20:00:00,134.17920936942102,134.74204557538033
2024-09-03 00:00:00,132.00818735003472,133.1368364918232
2024-09-03 04:00:00,136.01964414954185,139.18249422311783
2024-09-03 08:00:00,135.29989173412324,132.36790070533752
2024-09-03 12:00:00,134.5496408081055,133.81169941186906
2024-09-03 16:00:00,128.61008269786836,126.37604588270189
2024-09-03 20:00:00,127.81037035882471,131.89911575317382
2024-09-04 00:00:00,127.8586444425583,125.27893655896187
2024-09-04 04:00:00,130.76334480047225,127.5642029941082
2024-09-04 08:00:00,131.16018483638766,131.11701871156694
2024-09-04 12:00:00,129.22638282179832,128.96357051968576
2024-09-04 16:00:00,134.51204001545906,133.52664686501026
2024-09-04 20:00:00,138.2191934609413,136.400236992836
2024-09-05 00:00:00,138.49536218643186,135.50325710773467
2024-09-05 04:00:00,132.83318209648132,132.54959115982055
2024-09-05 08:00:00,136.27750837802887,133.27055176496506
2024-09-05 12:00:00,132.85349850177766,134.28391437649728
2024-09-05 16:00:00,134.65796260118486,129.6219481098652
2024-09-05 20:00:00,126.28818879127502,126.83593313217163
2024-09-06 00:00:00,131.3624714744091,130.907718077898
2024-09-06 04:00:00,130.4877681195736,132.05216706991195
2024-09-06 08:00:00,133.79165325284004,130.22121242165565
2024-09-06 12:00:00,130.75354747772218,127.53633407592774
2024-09-06 16:00:00,128.6560868370533,126.96303323149681
2024-09-06 20:00:00,123.09646333217621,123.08373094677926
2024-09-07 00:00:00,124.82898701429367,123.60054329335689
2024-09-07 04:00:00,123.55074168801308,125.4396301817894
2024-09-07 08:00:00,127.75559783220291,125.0845046210289
2024-09-07 12:00:00,127.04036541581154,125.56992083609104
2024-09-07 16:00:00,132.37342817783357,128.80444408893587
2024-09-07 20:00:00,129.1856354534626,129.7565949833393
2024-09-08 00:00:00,127.36332171142101,129.2124476623535
2024-09-08 04:00:00,127.92833366632462,129.19375289440154
2024-09-08 08:00:00,128.56450111210347,128.39334131956102
2024-09-08 12:00:00,130.06815284729007,129.49924140930176
2024-09-08 16:00:00,126.50960162758827,124.66031833410263
2024-09-08 20:00:00,129.52511959433556,127.08203931033611
2024-09-09 00:00:00,128.3328262269497,129.37274834215643
2024-09-09 04:00:00,130.48745411753654,125.0534181380272
2024-09-09 08:00:00,128.92974393367768,128.7371880453825
2024-09-09 12:00:00,129.29758465766906,129.54383150100708
2024-09-09 16:00:00,126.84695730149745,129.1328279352188
2024-09-09 20:00:00,136.77028627634047,135.6792126607895
2024-09-10 00:00:00,135.0724719452858,136.61875048637393
2024-09-10 04:00:00,135.56277878046035,129.1144887918234
2024-09-10 08:00:00,137.1448807144165,136.41721459388734
2024-09-10 12:00:00,135.16127757430075,134.56145960211754
2024-09-10 16:00:00,134.1873485636711,133.57248884677887
2024-09-10 20:00:00,136.59072901904582,136.10113458931446
2024-09-11 00:00:00,135.5337012720108,136.0147745347023
2024-09-11 04:00:00,133.3465211391449,133.18604283034801
2024-09-11 08:00:00,135.3460206091404,130.51424334347246
2024-09-11 12:00:00,131.5061845779419,131.98835563659668
2024-09-11 16:00:00,131.44608126640318,129.15922426760196
2024-09-11 20:00:00,131.15290259718893,131.44905936717987
2024-09-12 00:00:00,132.57615208625793,131.41358307123184
2024-09-12 04:00:00,132.52725389003754,134.22816078066828
2024-09-12 08:00:00,139.60094355344773,133.80514263510705
2024-09-12 12:00:00,134.66069903254507,135.5256513226032
2024-09-12 16:00:00,133.89589784145355,132.97754833459854
2024-09-12 20:00:00,136.26170674085617,132.25830613970757
2024-09-13 00:00:00,135.43224023580552,138.1593682050705
2024-09-13 04:00:00,133.55637909412383,134.27323628664016
2024-09-13 08:00:00,136.057128238678,133.28738444566727
2024-09-13 12:00:00,130.70493027329445,131.77165725827217
2024-09-13 16:00:00,135.84375941991806,134.75991132974625
2024-09-13 20:00:00,134.3167198729515,140.80621127605437
2024-09-14 00:00:00,135.46113547682762,140.26499064445497
2024-09-14 04:00:00,139.24207900285722,138.52121931016447
2024-09-14 08:00:00,137.62173107147217,139.00722258567808
2024-09-14 12:00:00,136.37331646084786,136.2888888388872
2024-09-14 16:00:00,135.98332860350607,136.0217763441801
2024-09-14 20:00:00,136.3934046685696,135.7189310503006
2024-09-15 00:00:00,137.3624358129501,137.79843027830123
2024-09-15 04:00:00,138.43151324987411,135.04207118451595
2024-09-15 08:00:00,127.91334238529205,134.98315158605575
2024-09-15 12:00:00,136.86512604713442,136.79651766300202
2024-09-15 16:00:00,135.43493112564087,137.53875111579893
2024-09-15 20:00:00,133.51851577281954,131.90327043533327
2024-09-16 00:00:00,132.41923947215082,133.52045622467995
2024-09-16 04:00:00,130.11710740685464,130.93733937263488
2024-09-16 08:00:00,135.24795323610306,130.67963272333145
2024-09-16 12:00:00,131.78506008565424,126.84466909825801
2024-09-16 16:00:00,132.0199652194977,129.99327256321908
2024-09-16 20:00:00,132.3544009387493,132.25631067752838
2024-09-17 00:00:00,127.8816917783022,127.29873166680336
2024-09-17 04:00:00,131.4510430622101,130.58712523937226
2024-09-17 08:00:00,133.81574353575706,132.61898985505104
2024-09-17 12:00:00,133.5976510286331,130.42923232018947
2024-09-17 16:00:00,134.57759366512298,134.13556516885757
2024-09-17 20:00:00,129.79301757931708,135.3278795814514
2024-09-18 00:00:00,132.9000262737274,132.71536929130554
2024-09-18 04:00:00,131.6734698486328,131.28152733802796
2024-09-18 08:00:00,131.47283810973167,132.41440905332564
2024-09-18 12:00:00,129.87380114078522,130.3635959601402
2024-09-18 16:00:00,127.58009870886802,127.02411698102951
2024-09-18 20:00:00,129.28326014876367,129.8159398162365
2024-09-19 00:00:00,136.6076959848404,134.51848244905472
2024-09-19 04:00:00,139.1806802332401,135.62725434124468
2024-09-19 08:00:00,137.82313985824584,137.15069025039674
2024-09-19 12:00:00,138.3367226743698,139.30676003932953
2024-09-19 16:00:00,138.17269534587862,143.51228528022767
2024-09-19 20:00:00,143.66615535736082,144.1664521408081
2024-09-20 00:00:00,142.59720574736593,143.74646023750304
2024-09-20 04:00:00,142.9382775878906,145.36827907562255
2024-09-20 08:00:00,152.04986724853515,150.46704208374024
2024-09-20 12:00:00,149.55329223513604,153.5963719701767
2024-09-20 16:00:00,147.7445677447319,144.98604231834412
2024-09-20 20:00:00,145.9079500132799,147.31139870166777
2024-09-21 00:00:00,142.65154891490937,146.86551542043685
2024-09-21 04:00:00,139.55343212902545,144.20146009862424
2024-09-21 08:00:00,149.20401456356046,145.8537954211235
2024-09-21 12:00:00,147.60700649142265,143.94155363917352
2024-09-21 16:00:00,148.55317908763885,144.7598030614853
2024-09-21 20:00:00,146.79253438591957,147.90587725639344
2024-09-22 00:00:00,150.26571456432342,150.28251039385796
2024-09-22 04:00:00,148.37304183125497,147.54130523562432
2024-09-22 08:00:00,147.60302177667617,148.82289335012436
2024-09-22 12:00:00,144.49119448006152,146.27376246929168
2024-09-22 16:00:00,143.26426422715187,140.8118817937374
2024-09-22 20:00:00,145.83152655601504,143.68265478849412
2024-09-23 00:00:00,145.16675426959992,144.35475223124027
2024-09-23 04:00:00,147.2808544540405,146.75156221032142
2024-09-23 08:00:00,145.53861369132997,143.63169045448305
2024-09-23 12:00:00,143.0691673338413,144.28088356018065
2024-09-23 16:00:00,145.31071633815768,145.93891613245012
2024-09-23 20:00:00,144.6789315676689,143.6688469684124
2024-09-24 00:00:00,145.80176502943038,141.57331628203391
2024-09-24 04:00:00,147.738752194643,149.4906684100628
2024-09-24 08:00:00,146.82285003244877,144.4317122834921
2024-09-24 12:00:00,145.06090030789377,148.6040134048462
2024-09-24 16:00:00,145.7347426700592,143.2826533842087
2024-09-24 20:00:00,148.0437128686905,151.103804063797
2024-09-25 00:00:00,152.62022188961504,150.63286394119262
2024-09-25 04:00:00,150.27508449554443,151.88920640945435
2024-09-25 08:00:00,149.03225588679314,153.99192953825
2024-09-25 12:00:00,152.19002023220062,150.51310821294783
2024-09-25 16:00:00,150.7555514359474,150.58683431625366
2024-09-25 20:00:00,149.091546702981,150.11416011810303
2024-09-26 00:00:00,147.62903162837029,150.91474158525466
2024-09-26 04:00:00,148.95277360796928,151.66761408805846
2024-09-26 08:00:00,156.0593222784996,150.76489792883396
2024-09-26 12:00:00,153.34758838891983,156.51914722323417
2024-09-26 16:00:00,160.26116818070412,159.77837275385858
2024-09-26 20:00:00,156.73115072250366,155.88122818827628
2024-09-27 00:00:00,155.1430922985077,154.0856681674719
2024-09-27 04:00:00,154.73614665985107,154.50818969726564
2024-09-27 08:00:00,157.9986914205551,157.32081981539727
2024-09-27 12:00:00,156.64763751983645,155.35460062980653
2024-09-27 16:00:00,159.99831027388572,157.94699471354485
2024-09-27 20:00:00,156.2318710398674,156.23208708107472
2024-09-28 00:00:00,157.24171912193296,155.3060334634781
2024-09-28 04:00:00,158.1772334367037,158.68589602708818
2024-09-28 08:00:00,157.87490752100942,158.86435493230817
2024-09-28 12:00:00,157.25766632437706,157.38574646830557
2024-09-28 16:00:00,155.9860806745291,154.1095929247141
2024-09-28 20:00:00,159.86104630470277,153.1966262102127
2024-09-29 00:00:00,157.41049602627754,156.65901759266853
2024-09-29 04:00:00,158.6209554684162,161.5209938156605
2024-09-29 08:00:00,156.49736750602722,155.64475459575652
2024-09-29 12:00:00,157.3018366098404,154.13235448300838
2024-09-29 16:00:00,157.59736833572387,155.75255590438843
2024-09-29 20:00:00,158.36597151875495,161.16292648315428
2024-09-30 00:00:00,158.08360921740532,156.65695866107941
2024-09-30 04:00:00,157.13487356305123,156.01101267933845
2024-09-30 08:00:00,157.3064426636696,154.64014683246614
2024-09-30 12:00:00,153.56256308555604,152.6502507686615
2024-09-30 16:00:00,152.9414009666443,157.37854590415955
2024-09-30 20:00:00,153.23414741277696,155.98249207019805
2024-10-01 00:00:00,152.4461086767912,156.28797645807268
2024-10-01 04:00:00,155.81085369825362,154.61465069413185
2024-10-01 08:00:00,156.91399492979048,155.76646241366862
2024-10-01 12:00:00,156.59319025754928,157.9720945763588
2024-10-01 16:00:00,149.55646854221823,147.91038736224175
2024-10-01 20:00:00,144.7054341983795,142.07945688366888
2024-10-02 00:00:00,144.01815259754656,142.69494078159332
2024-10-02 04:00:00,147.94640027403833,146.3669030249119
2024-10-02 08:00:00,147.6289622783661,147.34334707260132
2024-10-02 12:00:00,149.10922483205795,146.60014735937116
2024-10-02 16:00:00,143.6994272875786,151.2316823887825
2024-10-02 20:00:00,138.00448603391646,138.92545363426208
2024-10-03 00:00:00,136.82936764836313,144.190515127182
2024-10-03 04:00:00,142.44278107643126,143.79499252319334
2024-10-03 08:00:00,139.0543150961399,138.3754873752594
2024-10-03 12:00:00,137.04326948523521,133.4239814788103
2024-10-03 16:00:00,135.9725199365616,132.38995527386666
2024-10-03 20:00:00,137.37023654937744,138.93347321748735
2024-10-04 00:00:00,139.71467171669005,136.18860711216925
2024-10-04 04:00:00,135.38394509315492,138.4039056277275
2024-10-04 08:00:00,139.9609314107895,138.69933423757553
2024-10-04 12:00:00,139.57984880805014,138.07102705836294
2024-10-04 16:00:00,141.86362370431425,141.5465582484007
2024-10-04 20:00:00,142.12141166150568,144.3828407049179
2024-10-05 00:00:00,142.28054255962374,143.6843055152893
2024-10-05 04:00:00,141.70143572330477,140.0813466179371
2024-10-05 08:00:00,145.61422059535982,146.28851280212405
2024-10-05 12:00:00,142.6417072355747,143.0675029426813
2024-10-05 16:00:00,142.61830911636352,141.71303474903107
2024-10-05 20:00:00,140.6729613161087,140.92173175811766
2024-10-06 00:00:00,140.62913864850998,142.36631412684918
2024-10-06 04:00:00,146.74745702505112,143.3054038321972
2024-10-06 08:00:00,142.32640893697737,142.82275395929813
2024-10-06 12:00:00,145.3548697447777,142.93932739019394
2024-10-06 16:00:00,144.85323119163513,147.39137244224548
2024-10-06 20:00:00,145.0133718407154,142.9835681116581
2024-10-07 00:00:00,145.73618069648742,149.750625705719
2024-10-07 04:00:00,152.03318085193635,147.03481025934218
2024-10-07 08:00:00,148.4005398130417,147.2741659641266
2024-10-07 12:00:00,146.01968328654766,146.68044273495676
2024-10-07 16:00:00,147.40397126197817,147.1878805178404
2024-10-07 20:00:00,147.99304399609565,147.40925053954126
2024-10-08 00:00:00,144.22289501667024,139.6142779302597
2024-10-08 04:00:00,144.96005000233652,142.819013029933
2024-10-08 08:00:00,146.65624610424044,145.28864167213442
2024-10-08 12:00:00,143.90514900863172,143.62225299537184
2024-10-08 16:00:00,138.42190897464752,143.05388231277468
2024-10-08 20:00:00,143.89724920988084,145.37224234342577
2024-10-09 00:00:00,142.22917387068273,143.83557920336725
2024-10-09 04:00:00,143.68155136585236,144.6829497385025
2024-10-09 08:00:00,143.98734791994093,147.7280672287941
2024-10-09 12:00:00,146.4335965156555,139.3018042564392
2024-10-09 16:00:00,141.63505177617074,139.42769818067552
2024-10-09 20:00:00,142.4064238357544,142.93397048950195
2024-10-10 00:00:00,139.66014564633372,139.71472423434258
2024-10-10 04:00:00,133.6722918230295,141.46636665344238
2024-10-10 08:00:00,133.52178799271584,138.4550287413597
2024-10-10 12:00:00,140.72429170131684,142.0312868452072
2024-10-10 16:00:00,142.55439614772794,136.18482457458973
2024-10-10 20:00:00,135.31043759763241,137.6536592191458
2024-10-11 00:00:00,139.47564934611322,139.48759896039962
2024-10-11 04:00:00,140.72205158948898,141.4668620455265
2024-10-11 08:00:00,139.2929352200031,141.9926241993904
2024-10-11 12:00:00,141.63353111624718,145.20251128196716
2024-10-11 16:00:00,146.10376796364784,145.1998592495918
2024-10-11 20:00:00,147.15745715498923,142.8184439718723
2024-10-12 00:00:00,145.27954797685146,142.867963809371
2024-10-12 04:00:00,143.0547499358654,146.399276804924
2024-10-12 08:00:00,147.42103354454042,145.62404569149018
2024-10-12 12:00:00,145.3639957678318,146.63596277952195
2024-10-12 16:00:00,145.95833173692228,147.81467051506044
2024-10-12 20:00:00,146.7627632242441,146.0697959536314
2024-10-13 00:00:00,145.69951071739197,142.69776906967164
2024-10-13 04:00:00,145.0524726808071,146.92669470310213
2024-10-13 08:00:00,148.7581167268753,145.94001528978347
2024-10-13 12:00:00,147.09376192569732,145.41446400702
2024-10-13 16:00:00,146.58609448194505,142.52932674407958
2024-10-13 20:00:00,150.75390566587447,142.78809217870236
2024-10-14 00:00:00,148.30303740262985,149.08013081550598
2024-10-14 04:00:00,152.9035010957718,151.96035474598406
2024-10-14 08:00:00,152.92083156585693,153.29504817962646
2024-10-14 12:00:00,152.51603699684142,151.75597076892853
2024-10-14 16:00:00,163.36094943284988,153.82454433560372
2024-10-14 20:00:00,155.1520448255539,157.76597094535828
2024-10-15 00:00:00,155.48625647485255,152.80693220794203
2024-10-15 04:00:00,157.9688068842888,155.07705831170082
2024-10-15 08:00:00,154.98900060117245,151.74038332879542
2024-10-15 12:00:00,148.08955871105195,150.42556141018866
2024-10-15 16:00:00,152.12330424547196,152.73981869220734
2024-10-15 20:00:00,154.69011457443236,157.27296770095825
2024-10-16 00:00:00,156.8176348686218,153.88938127994535
2024-10-16 04:00:00,151.36000942647456,152.80625213384627
2024-10-16 08:00:00,152.94846466004847,155.6020385324955
2024-10-16 12:00:00,158.32989624023438,152.2395608496666
2024-10-16 16:00:00,155.10826382100583,156.91280412316323
2024-10-16 20:00:00,154.1450705140829,154.0146792411804
2024-10-17 00:00:00,154.32099489688872,157.08597103118896
2024-10-17 04:00:00,153.5632946097851,151.80720930218698
2024-10-17 08:00:00,153.1331443834305,153.34103042006495
2024-10-17 12:00:00,150.6469303637743,156.25059525251388
2024-10-17 16:00:00,152.39294302940368,150.3302440857887
2024-10-17 20:00:00,149.1361888372898,149.41442186594008
2024-10-18 00:00:00,155.46852618455887,150.19007822871208
2024-10-18 04:00:00,152.84612795352936,153.6777319908142
2024-10-18 08:00:00,153.5168144458532,152.52007834553717
2024-10-18 12:00:00,153.06728374958038,153.78467917442322
2024-10-18 16:00:00,159.13292610168457,152.4404062461853
2024-10-18 20:00:00,161.868262963295,152.25786835432052
2024-10-19 00:00:00,155.29575620412825,159.50313989400863
2024-10-19 04:00:00,153.612190990448,155.89240299224855
2024-10-19 08:00:00,155.37348163604736,152.42048120498657
2024-10-19 12:00:00,152.68074139475823,154.52937330961228
2024-10-19 16:00:00,155.08486965179443,153.49803521990776
2024-10-19 20:00:00,156.00940388381483,153.7838466709852
2024-10-20 00:00:00,161.7644863796234,159.93709214925767
2024-10-20 04:00:00,158.60532512784005,156.22933737158775
2024-10-20 08:00:00,159.00420276403426,158.1017890048027
2024-10-20 12:00:00,159.54223241806028,160.16602420806885
2024-10-20 16:00:00,159.59083394169807,160.1316964483261
2024-10-20 20:00:00,160.8052209162712,159.19116521716117
2024-10-21 00:00:00,168.80543546676637,166.80701830387116
2024-10-21 04:00:00,169.90650502443313,173.39476717114448
2024-10-21 08:00:00,170.94882144927976,171.97182594299315
2024-10-21 12:00:00,162.8495002567768,163.85288774847984
2024-10-21 16:00:00,158.08164055287838,163.73004466474057
2024-10-21 20:00:00,161.5138702660799,168.70842258810998
2024-10-22 00:00:00,161.9793648147583,166.30476067900656
2024-10-22 04:00:00,167.11130704879758,164.19589500129223
2024-10-22 08:00:00,166.5591228067875,165.88195602595806
2024-10-22 12:00:00,167.74016017198562,166.64751829862595
2024-10-22 16:00:00,169.7513121151924,166.51350081920623
2024-10-22 20:00:00,166.96055631637572,170.7222805595398
2024-10-23 00:00:00,163.85626833617687,169.53740329265594
2024-10-23 04:00:00,165.04777757048606,166.09776651620865
2024-10-23 08:00:00,164.896670178175,165.21657774925234
2024-10-23 12:00:00,169.62678876399994,167.06775589585303
2024-10-23 16:00:00,172.3560946214199,169.4058354282379
2024-10-23 20:00:00,177.15873114585878,175.6464009165764
2024-10-24 00:00:00,171.1522449016571,169.50405294299125
2024-10-24 04:00:00,174.07707915067672,172.3199350297451
2024-10-24 08:00:00,172.47281479120255,175.3359644651413
2024-10-24 12:00:00,173.78644821345804,168.92807837426662
2024-10-24 16:00:00,174.75718018591405,170.09153630673887
2024-10-24 20:00:00,174.8560446381569,178.14964466094972
2024-10-25 00:00:00,175.37042776942252,178.00677233219147
2024-10-25 04:00:00,174.61449974775314,173.1150947523117
2024-10-25 08:00:00,171.68640083670616,170.09565213918685
2024-10-25 12:00:00,164.65585934519768,173.0142092615366
2024-10-25 16:00:00,172.0900356888771,176.32049004435538
2024-10-25 20:00:00,167.56519253253936,166.79111286997795
2024-10-26 00:00:00,164.28977858424187,167.77923074960708
2024-10-26 04:00:00,165.0777277112007,165.76147632598875
2024-10-26 08:00:00,167.28066490590572,163.98602601885796
2024-10-26 12:00:00,168.5077294677496,165.27182627022268
2024-10-26 16:00:00,166.03493862748147,173.45997061014174
2024-10-26 20:00:00,170.80287017822266,174.85576904296877
2024-10-27 00:00:00,172.7327158355713,171.3611711883545
2024-10-27 04:00:00,171.75844860434532,169.1985954916477
2024-10-27 08:00:00,171.96438289821148,168.41705658435822
2024-10-27 12:00:00,175.95758511781693,177.71977294683458
2024-10-27 16:00:00,168.98614272236824,174.5361685270071
2024-10-27 20:00:00,177.0855521643162,175.20054031133654
2024-10-28 00:00:00,175.28773666799069,175.4933689469099
2024-10-28 04:00:00,174.87721224188806,176.1654703116417
2024-10-28 08:00:00,177.89201860785485,173.92302766919136
2024-10-28 12:00:00,177.65148375630378,174.55756175220012
2024-10-28 16:00:00,172.93280693411825,170.19310037851332
2024-10-28 20:00:00,177.88042795658112,175.11329742789266
2024-10-29 00:00:00,178.3107649862766,178.3626243174076
2024-10-29 04:00:00,176.8282078874111,181.73683046340943
2024-10-29 08:00:00,180.10366649627684,177.87665683746337
2024-10-29 12:00:00,180.23776741027834,180.58931903839112
2024-10-29 16:00:00,177.11342163801194,172.45002533197405
2024-10-29 20:00:00,177.45267772078512,174.99147410452363
2024-10-30 00:00:00,180.86605717420576,179.68175283908843
2024-10-30 04:00:00,181.63188202500345,179.17439416766166
2024-10-30 08:00:00,178.71396419644356,177.76694175601006
2024-10-30 12:00:00,178.3980969321728,169.77163982212545
2024-10-30 16:00:00,173.60508672893047,177.62879252433777
2024-10-30 20:00:00,174.04135140717028,176.98878518223762
2024-10-31 00:00:00,172.45115075290204,175.89863136291504
2024-10-31 04:00:00,174.1031987339258,174.59552304148673
2024-10-31 08:00:00,171.93286418914795,175.6293209195137
2024-10-31 12:00:00,173.10531586408615,176.04591846466064
2024-10-31 16:00:00,169.0113254070282,172.2380407035351
2024-10-31 20:00:00,168.61901458501814,167.99942688941954
2024-11-01 00:00:00,180.58739355683326,168.7400121152401
2024-11-01 04:00:00,166.87017156779766,165.87610166072847
2024-11-01 08:00:00,162.52207953929903,169.99395223617555
2024-11-01 12:00:00,167.76944898605348,166.7598304438591
2024-11-01 16:00:00,163.72903012096882,168.21845789790154
2024-11-01 20:00:00,166.06782426834107,164.56487865447997
2024-11-02 00:00:00,154.90010148882865,167.28332722187042
2024-11-02 04:00:00,165.33197247982025,160.5169756412506
2024-11-02 08:00:00,167.4238304185867,170.51663218975065
2024-11-02 12:00:00,169.20219143390653,166.70403268814087
2024-11-02 16:00:00,165.08480652332304,165.9903209733963
2024-11-02 20:00:00,164.7607207596302,160.13766310214996
2024-11-03 00:00:00,166.64204865217206,167.00984249711036
2024-11-03 04:00:00,162.20036319494247,163.3535518813133
2024-11-03 08:00:00,162.87470901668073,167.0348403310776
2024-11-03 12:00:00,161.88680307626726,161.69157729148864
2024-11-03 16:00:00,160.90775879859925,159.82309835314751
2024-11-03 20:00:00,161.4302114725113,164.83929811477662
2024-11-04 00:00:00,160.65952921390533,157.65516059219837
2024-11-04 04:00:00,167.95940531253814,164.72649410247803
2024-11-04 08:00:00,161.4143101119995,161.85921372652052
2024-11-04 12:00:00,162.3337250185013,161.69194644451142
2024-11-04 16:00:00,162.05903314650058,157.43590897619725
2024-11-04 20:00:00,159.3020910567045,159.66552770376205
2024-11-05 00:00:00,158.1968119382858,159.08390766978263
2024-11-05 04:00:00,157.89678703308104,160.69101518154145
2024-11-05 08:00:00,162.25153688907622,164.4829217195511
2024-11-05 12:00:00,171.23248965024948,155.71295994400975
2024-11-05 16:00:00,156.22900011301041,167.52450531959533
2024-11-05 20:00:00,165.81698662638664,166.11695536375046
2024-11-06 00:00:00,167.40360147714614,163.75748400092127
2024-11-06 04:00:00,184.5947287297249,184.22834787249565
2024-11-06 08:00:00,184.0179803824425,181.50389068841935
2024-11-06 12:00:00,185.23339316368103,184.79846815109252
2024-11-06 16:00:00,184.31186873257158,182.14580724477767
2024-11-06 20:00:00,187.40991527557375,188.5708230638504
2024-11-07 00:00:00,186.53865143120288,184.6144425010681
2024-11-07 04:00:00,189.22186734199525,193.91101801872256
2024-11-07 08:00:00,187.92467546582222,185.96252495527267
2024-11-07 12:00:00,185.8239781498909,187.68669394493102
2024-11-07 16:00:00,193.20015762090682,192.61937162160874
2024-11-07 20:00:00,197.17700064182281,193.0790612101555
2024-11-08 00:00:00,198.22321831583977,193.7502363502979
2024-11-08 04:00:00,197.12518900036812,195.73866471648216
2024-11-08 08:00:00,200.54572909832,196.6762842953205
2024-11-08 12:00:00,202.58356494426727,204.68455591201783
2024-11-08 16:00:00,201.17830065846445,202.49043925881386
2024-11-08 20:00:00,201.5990215778351,201.38782981634142
2024-11-09 00:00:00,199.94312792420388,203.45127993822098
2024-11-09 04:00:00,184.35989346444606,197.9754711562395
2024-11-09 08:00:00,196.9709774529934,197.88987934827804
2024-11-09 12:00:00,205.33303706645967,201.0391685152054
2024-11-09 16:00:00,199.532723236084,197.35923233032227
2024-11-09 20:00:00,198.43193817138672,196.28605356812477
2024-11-10 00:00:00,200.01469582200048,200.1254994857311
2024-11-10 04:00:00,199.598995513916,199.9476011788845
2024-11-10 08:00:00,206.66418241500855,203.72443209290503
2024-11-10 12:00:00,206.2753227943182,204.57088180601596
2024-11-10 16:00:00,212.01696313917637,210.70419511437416
2024-11-10 20:00:00,205.29465397417545,210.99240854859352
2024-11-11 00:00:00,212.6892738509178,210.04593435406684
2024-11-11 04:00:00,217.6440167427063,210.0747263431549
2024-11-11 08:00:00,208.1455884885788,204.60359959006308
2024-11-11 12:00:00,217.01721709370614,216.45093503952026
2024-11-11 16:00:00,218.72919380664825,222.92607629299164
2024-11-11 20:00:00,218.01459045886992,219.07935912132263
2024-11-12 00:00:00,219.85550387978554,225.6387005519867
2024-11-12 04:00:00,222.83869131088255,218.33449489593505
2024-11-12 08:00:00,221.84370235443114,216.7345986890793
2024-11-12 12:00:00,211.53272368550302,208.43467590510843
2024-11-12 16:00:00,202.92827957630158,208.77642576038838
2024-11-12 20:00:00,213.77769884347916,206.52292225122451
2024-11-13 00:00:00,212.92122736454007,205.9479198002815
2024-11-13 04:00:00,201.01544694662095,198.43321583390235
2024-11-13 08:00:00,204.8360599374771,207.081500146389
2024-11-13 12:00:00,208.96364748239517,206.24925183534623
2024-11-13 16:00:00,217.25142636299134,215.9998128414154
2024-11-13 20:00:00,208.5210865044594,210.87105578184128
2024-11-14 00:00:00,213.01882442772387,211.82178250551223
2024-11-14 04:00:00,219.31872554779054,213.52845903873444
2024-11-14 08:00:00,224.5187110042572,212.46755739450455
2024-11-14 12:00:00,214.566177277565,213.40364284992216
2024-11-14 16:00:00,218.0840710401535,202.75978073358536
2024-11-14 20:00:00,216.87866891860963,218.47382768392563
2024-11-15 00:00:00,205.86163183271884,209.42084084451199
2024-11-15 04:00:00,208.85534763336182,202.17309777975083
2024-11-15 08:00:00,204.10322673916818,214.22219922065736
2024-11-15 12:00:00,209.6692333984375,211.33584121227267
2024-11-15 16:00:00,207.48579946517944,209.63856903076172
2024-11-15 20:00:00,206.55380941748618,212.71786429166792
2024-11-16 00:00:00,217.54006596803663,223.39791929125784
2024-11-16 04:00:00,221.76279785633088,219.99083324074743
2024-11-16 08:00:00,219.65154693603515,218.12817372500896
2024-11-16 12:00:00,217.6499231696129,221.09763532876968
2024-11-16 16:00:00,212.8801121878624,216.3759164118767
2024-11-16 20:00:00,212.93138694405556,214.54568886995315
2024-11-17 00:00:00,215.12356487214566,208.26095857262612
2024-11-17 04:00:00,221.28589710831642,215.13146283209323
2024-11-17 08:00:00,236.11279781937597,239.23001955747603
2024-11-17 12:00:00,237.26351387500762,232.0006297624111
2024-11-17 16:00:00,235.67170557498932,233.3330421280861
2024-11-17 20:00:00,235.4303629398346,233.60715539455416
2024-11-18 00:00:00,236.53442808747292,246.25261091113092
2024-11-18 04:00:00,244.50182384490967,240.7062614786625
2024-11-18 08:00:00,241.18770887851716,240.56680098474027
2024-11-18 12:00:00,247.43221044540405,237.4387575685978
2024-11-18 16:00:00,247.7508127641678,238.5869027799368
2024-11-18 20:00:00,235.66027470588685,233.05835515737533
2024-11-19 00:00:00,242.16191377043722,236.54769561052322
2024-11-19 04:00:00,234.9381910043955,246.15464314937594
2024-11-19 08:00:00,241.31500345945358,244.0471515226364
2024-11-19 12:00:00,245.56737949192524,246.27263809680937
2024-11-19 16:00:00,239.5035341536999,235.74471542835238
2024-11-19 20:00:00,244.36393469810486,241.49081808328629
2024-11-20 00:00:00,237.76523645639418,234.04273543417455
2024-11-20 04:00:00,232.22460827529432,230.49143748879433
2024-11-20 08:00:00,239.7163695836067,233.57226282000542
2024-11-20 12:00:00,237.73865562677383,243.0072788655758
2024-11-20 16:00:00,235.39218225240708,238.833861451149
2024-11-20 20:00:00,232.14571470022202,231.0345869064331
2024-11-21 00:00:00,236.11345929145813,229.43083711624143
2024-11-21 04:00:00,237.07463564395903,232.38784200906753
2024-11-21 08:00:00,249.63439326167108,237.4889267152548
2024-11-21 12:00:00,238.03001120567322,246.99688108205794
2024-11-21 16:00:00,259.9461349081993,248.18089105963708
2024-11-21 20:00:00,253.76525108993053,252.1689499372244
2024-11-22 00:00:00,256.4170344340801,258.92061715364457
2024-11-22 04:00:00,261.1042232465744,261.93611627578736
2024-11-22 08:00:00,256.74581504106527,250.77318625688557
2024-11-22 12:00:00,261.6611027097702,262.10918080329895
2024-11-22 16:00:00,255.98572359681128,257.37112355947494
2024-11-22 20:00:00,254.2118612909317,255.0450024318695
2024-11-23 00:00:00,255.13028084039686,255.05460679531095
2024-11-23 04:00:00,255.80783879756927,250.5823324203491
2024-11-23 08:00:00,262.57839888334274,255.44673093199728
2024-11-23 12:00:00,254.76537781476972,258.84735135555263
2024-11-23 16:00:00,263.14700714707374,254.272894012928
2024-11-23 20:00:00,255.13601101875304,253.35516747951507
2024-11-24 00:00:00,251.5090933561325,248.50101380109786
2024-11-24 04:00:00,259.55300646185873,257.64209134161473
2024-11-24 08:00:00,256.52694855749604,253.61571853816508
2024-11-24 12:00:00,249.60595088839528,251.27206861853597
2024-11-24 16:00:00,245.58423795104025,242.93552893280983
2024-11-24 20:00:00,253.01837824344636,249.26923499822618
2024-11-25 00:00:00,251.61961113929746,257.5589984846115
2024-11-25 04:00:00,251.0470427441597,250.07432359218598
2024-11-25 08:00:00,254.99733615875243,250.4036929130554
2024-11-25 12:00:00,249.87203144609927,247.85116525053976
2024-11-25 16:00:00,252.278150806427,247.2252660894394
2024-11-25 20:00:00,240.07887041568756,235.04448539316655
2024-11-26 00:00:00,236.16424411296845,238.1065298295021
2024-11-26 04:00:00,238.0217295527458,238.18284870386123
2024-11-26 08:00:00,236.41749600052833,235.09650046646593
2024-11-26 12:00:00,222.43731725692749,224.78483217537402
2024-11-26 16:00:00,227.62501728057862,224.2379430294037
2024-11-26 20:00:00,223.76398866713046,231.45790243387222
2024-11-27 00:00:00,230.2291896981001,230.61656020581722
2024-11-27 04:00:00,230.8457403051853,228.36636456906794
2024-11-27 08:00:00,234.52660917282105,230.32900623679163
2024-11-27 12:00:00,233.19005966186523,234.50619399547577
2024-11-27 16:00:00,238.3164057314396,238.1419562071562
2024-11-27 20:00:00,236.74892622828483,239.94313504099844
2024-11-28 00:00:00,242.51720606803894,237.29017587661744
2024-11-28 04:00:00,241.19660148739814,234.97059878766535
2024-11-28 08:00:00,237.96720981001855,241.734182138443
2024-11-28 12:00:00,230.43841929435732,239.32915039062502
2024-11-28 16:00:00,234.7871528196335,235.29883080244065
2024-11-28 20:00:00,235.98042872428894,235.37014022290705
2024-11-29 00:00:00,239.92819990754128,240.59483683109283
2024-11-29 04:00:00,248.2103314590454,242.00676933288574
2024-11-29 08:00:00,240.13774998784066,243.18399932384492
2024-11-29 12:00:00,247.11982030391692,243.14380539536475
2024-11-29 16:00:00,242.72702771425247,244.6197633743286
2024-11-29 20:00:00,241.58369648694992,240.98055960059165
2024-11-30 00:00:00,241.71238468408586,245.11791656613352
2024-11-30 04:00:00,243.22197040557862,242.99500350952147
2024-11-30 08:00:00,245.8064328932762,238.1274875307083
2024-11-30 12:00:00,241.06900879979133,238.93462602019312
2024-11-30 16:00:00,237.20654366135597,240.54429238200188
2024-11-30 20:00:00,240.15260943412778,240.98148611068726
2024-12-01 00:00:00,233.8573348045349,231.77066802978516
2024-12-01 04:00:00,235.74481446385383,233.12318978905677
2024-12-01 08:00:00,237.76615062713623,230.45212205648423
2024-12-01 12:00:00,236.87863268315792,233.8556999105215
2024-12-01 16:00:00,249.4397547841072,235.41152375936508
2024-12-01 20:00:00,226.2623741698265,237.11591284394262
2024-12-02 00:00:00,238.63952713012696,241.70737228393557
2024-12-02 04:00:00,230.1180350136757,225.84721124112605
2024-12-02 08:00:00,231.41834799289703,228.9214796304703
2024-12-02 12:00:00,227.3444588816166,228.52377278089526
2024-12-02 16:00:00,230.43919572114945,233.17921523213388
2024-12-02 20:00:00,225.6481669306755,228.10781668424605
2024-12-03 00:00:00,219.91223472833633,224.7318066072464
2024-12-03 04:00:00,226.82434068024156,224.7339993804693
2024-12-03 08:00:00,224.1853360891342,226.55295888662337
2024-12-03 12:00:00,225.65239042282104,229.68490934610367
2024-12-03 16:00:00,221.47227522969246,217.55179909944533
2024-12-03 20:00:00,231.9554009628296,225.47319458007811
2024-12-04 00:00:00,232.8102293205261,237.4376921081543
2024-12-04 04:00:00,237.24030429124832,240.48747372627258
2024-12-04 08:00:00,236.51901202082635,237.61105643033983
2024-12-04 12:00:00,235.57527918577193,234.9668054795265
2024-12-04 16:00:00,231.71952353715898,233.49829135656356
2024-12-04 20:00:00,233.90848686695097,235.32418175578115
2024-12-05 00:00:00,236.63376754522324,231.30237330794336
2024-12-05 04:00:00,235.39483055472374,228.32623121321203
2024-12-05 08:00:00,229.30203981637953,236.18729803323745
2024-12-05 12:00:00,242.67981379151342,240.28454263448714
2024-12-05 16:00:00,237.17917759418486,244.192492415905
2024-12-05 20:00:00,235.94710006713868,230.8491883742809
2024-12-06 00:00:00,239.32431999206543,236.28482475280762
2024-12-06 04:00:00,242.64807947158812,242.3919534945488
2024-12-06 08:00:00,240.7668471813202,240.38601462841035
2024-12-06 12:00:00,236.75749173641205,237.01055597662926
2024-12-06 16:00:00,238.3943975043297,234.8824950027466
2024-12-06 20:00:00,240.02774913311004,232.0678885281086
2024-12-07 00:00:00,240.4952206504345,234.1295466607809
2024-12-07 04:00:00,235.5986298799515,231.42189376950265
2024-12-07 08:00:00,235.99710821807386,236.51689868807793
2024-12-07 12:00:00,239.852444678545,237.709037104249
2024-12-07 16:00:00,243.0970079469681,243.53162545681
2024-12-07 20:00:00,242.21901900172233,232.9834747672081
2024-12-08 00:00:00,235.80575556993483,239.92592054843902
2024-12-08 04:00:00,238.1867436182499,240.18177025437356
2024-12-08 08:00:00,236.6178042411804,232.87934517860413
2024-12-08 12:00:00,236.14249851226808,236.72366401195526
2024-12-08 16:00:00,231.47880026400088,241.33579325079918
2024-12-08 20:00:00,236.43635677814484,237.18226224422455
2024-12-09 00:00:00,239.74835793972017,242.35940117836
2024-12-09 04:00:00,233.38951582193377,233.97568152427675
2024-12-09 08:00:00,232.8424499821663,230.54121186852456
2024-12-09 12:00:00,225.65021789610387,222.85438702583315
2024-12-09 16:00:00,224.7462746107578,221.5097863125801
2024-12-09 20:00:00,222.37140455842018,219.49383081793783
2024-12-10 00:00:00,217.44067668914795,215.02368928134442
2024-12-10 04:00:00,214.88021531105042,215.6715789794922
2024-12-10 08:00:00,216.22467164993287,215.24781366705895
2024-12-10 12:00:00,221.26574614405632,215.30733454942705
2024-12-10 16:00:00,207.5762978732586,212.17940917611122
2024-12-10 20:00:00,215.12286332845687,210.92262437939644
2024-12-11 00:00:00,222.40786600112915,213.59186453819274
2024-12-11 04:00:00,220.35688846349714,217.7512064373493
2024-12-11 08:00:00,223.02344419002532,218.55348265647888
2024-12-11 12:00:00,225.04296421051023,221.2960926246643
2024-12-11 16:00:00,229.33290283918382,225.701085498333
2024-12-11 20:00:00,225.05865947127344,236.48697110652924
2024-12-12 00:00:00,228.74378648638725,223.55228798389433
2024-12-12 04:00:00,228.43920926094057,232.39096447944644
2024-12-12 08:00:00,229.7182857620716,225.0416861897707
2024-12-12 12:00:00,228.19119813501834,227.06789524912836
2024-12-12 16:00:00,230.6697063088417,234.6593145489693
2024-12-12 20:00:00,227.2675496339798,228.16506632328034
2024-12-13 00:00:00,226.00253793239594,228.26925433158874
2024-12-13 04:00:00,226.4502336400747,223.43598097503184
2024-12-13 08:00:00,223.24845020771028,225.19540275216102
2024-12-13 12:00:00,221.78733338594438,228.4812896823883
2024-12-13 16:00:00,214.75093569874764,222.6414463341236
2024-12-13 20:00:00,219.85808541297914,225.13116260528565
2024-12-14 00:00:00,221.9885955494642,228.60694588780402
2024-12-14 04:00:00,221.5830337589979,223.35757537543773
2024-12-14 08:00:00,224.04454542398452,225.33119883298875
2024-12-14 12:00:00,225.08547972202302,227.40626595020296
2024-12-14 16:00:00,222.4721816635132,221.82470051765443
2024-12-14 20:00:00,219.35838431239128,216.882904317379
2024-12-15 00:00:00,218.7547654223442,222.1169493663311
2024-12-15 04:00:00,219.92117391586302,224.8023136615753
2024-12-15 08:00:00,218.3784162771702,216.87315097093582
2024-12-15 12:00:00,219.51514531850813,219.55860023856164
2024-12-15 16:00:00,220.58589647769927,220.67819961547852
2024-12-15 20:00:00,223.63949407577516,217.69237253665926
2024-12-16 00:00:00,222.7491088551283,222.75878694951535
2024-12-16 04:00:00,221.96151986718178,220.05201861262321
2024-12-16 08:00:00,223.34734180808067,221.06885701060295
2024-12-16 12:00:00,216.2284918308258,208.12855389118195
2024-12-16 16:00:00,218.5711489367485,221.10007085084914
2024-12-16 20:00:00,216.06208842158318,213.09514463901522
2024-12-17 00:00:00,216.2461826467514,216.19541208982469
2024-12-17 04:00:00,217.3694412589073,218.662381452322
2024-12-17 08:00:00,212.6596047616005,210.72417676627634
2024-12-17 12:00:00,224.37528585314752,222.25855207800865
2024-12-17 16:00:00,219.4041245216131,217.28713213026523
2024-12-17 20:00:00,226.2100969016552,225.96075515151023
2024-12-18 00:00:00,223.78237211704254,226.5602658867836
2024-12-18 04:00:00,216.8036511540413,214.0477229654789
2024-12-18 08:00:00,217.26700976014138,215.7383758306503
2024-12-18 12:00:00,218.59302033782004,216.3917209804058
2024-12-18 16:00:00,217.938188573122,218.21072067856787
2024-12-18 20:00:00,211.89720798850058,214.0265217936039
2024-12-19 00:00:00,206.15713794887066,214.02355595707894
2024-12-19 04:00:00,211.9812607049942,206.63883706331254
2024-12-19 08:00:00,211.51629526138305,209.49197474002838
2024-12-19 12:00:00,211.41896181106566,211.93277881622313
2024-12-19 16:00:00,205.15645065307618,206.37849494934082
2024-12-19 20:00:00,201.4311938238144,189.7132832980156
2024-12-20 00:00:00,193.47825034737588,196.52205745339393
2024-12-20 04:00:00,199.58147038936616,196.15348348379138
2024-12-20 08:00:00,191.32845737814904,191.43061435818672
2024-12-20 12:00:00,175.89793499350546,177.6475842654705
2024-12-20 16:00:00,191.1977646589279,187.39510140061378
2024-12-20 20:00:00,191.2944776314497,189.35756268024443
2024-12-21 00:00:00,196.04655407905577,190.69650447368622
2024-12-21 04:00:00,194.8473037290573,188.01845601797103
2024-12-21 08:00:00,203.04668289542198,196.9106109917164
2024-12-21 12:00:00,192.96527726411819,193.0406720519066
2024-12-21 16:00:00,185.48071849942207,184.56037462949755
2024-12-21 20:00:00,181.3861094903946,180.0690704727173
2024-12-22 00:00:00,182.82598262429235,186.72378170490265
2024-12-22 04:00:00,182.3146021270752,180.71491311073302
2024-12-22 08:00:00,183.40000488281248,183.12408325195312
2024-12-22 12:00:00,188.4488715648651,185.21661791324615
2024-12-22 16:00:00,182.1449749672413,179.81331385970117
2024-12-22 20:00:00,182.63846400260925,179.1579910492897
2024-12-23 00:00:00,182.66258352279664,182.39339408397674
2024-12-23 04:00:00,185.93984630584717,182.36935054779053
2024-12-23 08:00:00,181.35235127806664,182.57265123724937
2024-12-23 12:00:00,183.04229013681413,187.67033561825752
2024-12-23 16:00:00,181.2973250734806,178.22350179970266
2024-12-23 20:00:00,186.7144862216711,184.055420871377
2024-12-24 00:00:00,194.53161815643313,190.32627184510233
2024-12-24 04:00:00,191.39227123737336,191.06870249271392
2024-12-24 08:00:00,198.87492979764937,190.92665369033813
2024-12-24 12:00:00,190.88471288383005,192.97123032212255
2024-12-24 16:00:00,208.81490867972374,192.91896081089973
2024-12-24 20:00:00,194.79174971580505,195.03798243403435
2024-12-25 00:00:00,191.23196666061878,200.96081797003745
2024-12-25 04:00:00,199.98917945623398,200.74995515346527
2024-12-25 08:00:00,196.70765583217144,194.86116280198098
2024-12-25 12:00:00,194.94569931745528,196.38885738134383
2024-12-25 16:00:00,196.8952929121256,198.39531608819962
2024-12-25 20:00:00,200.15708234906197,197.41588324308395
2024-12-26 00:00:00,196.14541187286378,197.6710831451416
2024-12-26 04:00:00,198.0361801815033,201.7021929860115
2024-12-26 08:00:00,192.03998981654644,194.41840915560724
2024-12-26 12:00:00,189.1345942258835,189.88968915939333
2024-12-26 16:00:00,188.783028280735,190.61174247264861
2024-12-26 20:00:00,189.68224190592764,188.02418149411676
2024-12-27 00:00:00,189.91468533039094,190.63209794282915
2024-12-27 04:00:00,188.77406097412108,190.038359375
2024-12-27 08:00:00,188.20884774565695,182.29346431672573
2024-12-27 12:00:00,190.87111023902892,188.5404049015045
2024-12-27 16:00:00,182.9676922816038,185.24139467835425
2024-12-27 20:00:00,186.09775625467302,186.66136774420738
2024-12-28 00:00:00,189.731441822052,182.72195942044257
2024-12-28 04:00:00,184.66358421802522,183.66216097474097
2024-12-28 08:00:00,185.1007031160593,184.37932666003704
2024-12-28 12:00:00,187.6352246284485,187.87892441630362
2024-12-28 16:00:00,184.7398474109173,189.37670190215113
2024-12-28 20:00:00,194.02511875152587,195.08418478012084
2024-12-29 00:00:00,194.65449115633965,198.96353441476822
2024-12-29 04:00:00,194.15502163887024,193.60277862906457
2024-12-29 08:00:00,194.96487285137175,191.08352479457855
2024-12-29 12:00:00,194.2827389842272,197.46720566272737
2024-12-29 16:00:00,193.17458620429036,194.614860676527
2024-12-29 20:00:00,191.836860460639,192.3149363768101
2024-12-30 00:00:00,189.38365969061852,185.84955545306207
2024-12-30 04:00:00,193.0457842040062,193.69993787765503
2024-12-30 08:00:00,196.81668200969696,188.58218170881273
2024-12-30 12:00:00,194.7617491734028,194.09450178861618
2024-12-30 16:00:00,187.76551149845122,183.91836082935333
2024-12-30 20:00:00,200.19774703621866,190.97300183713438
2024-12-31 00:00:00,190.79665042519568,191.23532328248024
2024-12-31 04:00:00,190.29711606502534,188.44259274244308
2024-12-31 08:00:00,190.8351190471649,190.91310826063156
2024-12-31 12:00:00,194.77306413412094,194.6940336692333
2024-12-31 16:00:00,200.11850377559662,193.32823390722274
2024-12-31 20:00:00,194.39339790225029,190.60260535895824
2025-01-01 00:00:00,191.29659539103508,191.78710023403167
